qseqid	sseqid	pident	evalue	qcovhsp	bitscore	staxid	ssciname	stitle	superkingdom	phylum	class	order	family	genus	species	strain
Chx_L227_5C_00146	gi|1575442402|ref|WP_129890269.1|	31.739	8.64e-150	99	489	2509675	Ktedonobacterales bacterium SCAWS-G2	hypothetical protein [Ktedonobacterales bacterium SCAWS-G2]	Bacteria	Chloroflexi	Ktedonobacteria	Ktedonobacterales			Ktedonobacterales bacterium SCAWS-G2	
Chx_L227_5C_00146	gi|860366713|ref|WP_048401402.1|	28.702	4.24e-132	99	441	1662188	Candidatus Achromatium palustre	hypothetical protein [Candidatus Achromatium palustre]	Bacteria	Proteobacteria	Gammaproteobacteria	Thiotrichales	Thiotrichaceae	Achromatium	Candidatus Achromatium palustre	
Chx_L227_5C_00146	gi|1723502737|ref|WP_146733162.1|	37.092	1.24e-91	51	332	888845	Minicystis rosea	hypothetical protein [Minicystis rosea]	Bacteria	Proteobacteria	Deltaproteobacteria	Myxococcales		Minicystis	Minicystis rosea	
Chx_L227_5C_00146	gi|1723502737|ref|WP_146733162.1|	30.836	3.03e-27	29	132	888845	Minicystis rosea	hypothetical protein [Minicystis rosea]	Bacteria	Proteobacteria	Deltaproteobacteria	Myxococcales		Minicystis	Minicystis rosea	
Chx_L227_5C_00146	gi|1279651989|ref|WP_100208051.1|	32.300	1.97e-65	50	253	265606	Rhodopirellula baltica	general secretion pathway protein GspE [Rhodopirellula baltica]	Bacteria	Planctomycetes	Planctomycetia	Planctomycetales	Planctomycetaceae	Rhodopirellula	Rhodopirellula baltica	
Chx_L227_5C_00146	gi|1279651989|ref|WP_100208051.1|	29.167	5.64e-33	34	150	265606	Rhodopirellula baltica	general secretion pathway protein GspE [Rhodopirellula baltica]	Bacteria	Planctomycetes	Planctomycetia	Planctomycetales	Planctomycetaceae	Rhodopirellula	Rhodopirellula baltica	
Chx_L227_5C_00146	gi|763330139|ref|WP_044188540.1|	33.439	6.72e-64	51	248	394096	Hyalangium minutum	hypothetical protein [Hyalangium minutum]	Bacteria	Proteobacteria	Deltaproteobacteria	Myxococcales	Archangiaceae	Hyalangium	Hyalangium minutum	
Chx_L227_5C_00148	gi|808797606|ref|WP_046279951.1|	56.393	1.01e-103	99	314	1118279	Limnoraphis robusta	ribokinase [Limnoraphis robusta]	Bacteria	Cyanobacteria		Oscillatoriales	Oscillatoriaceae	Limnoraphis	Limnoraphis robusta	
Chx_L227_5C_00148	gi|501071179|ref|WP_012122227.1|	58.689	4.85e-101	99	307	120962	Roseiflexus castenholzii	ribokinase [Roseiflexus castenholzii]	Bacteria	Chloroflexi	Chloroflexia	Chloroflexales	Roseiflexaceae	Roseiflexus	Roseiflexus castenholzii	
Chx_L227_5C_00148	gi|1130432511|ref|WP_075601258.1|	57.047	4.92e-101	97	308	1922337	Leptolyngbya sp. 'hensonii'	ribokinase [Leptolyngbya sp. 'hensonii']	Bacteria	Cyanobacteria		Synechococcales	Leptolyngbyaceae	Leptolyngbya	Leptolyngbya sp. 'hensonii'	
Chx_L227_5C_00148	gi|493666519|ref|WP_006616862.1|	53.356	2.24e-100	97	306	118562	Arthrospira platensis	ribokinase [Arthrospira platensis]	Bacteria	Cyanobacteria		Oscillatoriales	Microcoleaceae	Arthrospira	Arthrospira platensis	
Chx_L227_5C_00148	gi|1212020118|ref|WP_088570412.1|	57.239	4.03e-100	97	305	1495650	Thermoflexus hugenholtzii	ribokinase [Thermoflexus hugenholtzii]	Bacteria	Chloroflexi	Thermoflexia	Thermoflexales	Thermoflexaceae	Thermoflexus	Thermoflexus hugenholtzii	
Chx_L227_5C_00149	gi|1729826245|ref|WP_148219829.1|	33.478	1.97e-39	93	146	193	Azospirillum lipoferum	methyltransferase domain-containing protein [Azospirillum lipoferum]	Bacteria	Proteobacteria	Alphaproteobacteria	Rhodospirillales	Rhodospirillaceae	Azospirillum	Azospirillum lipoferum	
Chx_L227_5C_00149	gi|1632408791|ref|WP_136701403.1|	33.333	3.43e-39	96	145	709810	Azospirillum sp. TSA2s	methyltransferase domain-containing protein [Azospirillum sp. TSA2s]	Bacteria	Proteobacteria	Alphaproteobacteria	Rhodospirillales	Rhodospirillaceae	Azospirillum	Azospirillum sp. TSA2s	
Chx_L227_5C_00149	gi|1407140154|ref|WP_111070717.1|	33.188	9.05e-38	93	142	682998	Azospirillum sp. M2T2B2	class I SAM-dependent methyltransferase [Azospirillum sp. M2T2B2]	Bacteria	Proteobacteria	Alphaproteobacteria	Rhodospirillales	Rhodospirillaceae	Azospirillum	Azospirillum sp. M2T2B2	
Chx_L227_5C_00149	gi|1740771340|ref|WP_149235626.1|	33.624	1.02e-37	93	142	193	Azospirillum lipoferum	methyltransferase domain-containing protein [Azospirillum lipoferum]	Bacteria	Proteobacteria	Alphaproteobacteria	Rhodospirillales	Rhodospirillaceae	Azospirillum	Azospirillum lipoferum	
Chx_L227_5C_00149	gi|780566001|ref|WP_045585408.1|	32.751	1.72e-37	93	141	528244	Azospirillum thiophilum	class I SAM-dependent methyltransferase [Azospirillum thiophilum]	Bacteria	Proteobacteria	Alphaproteobacteria	Rhodospirillales	Rhodospirillaceae	Azospirillum	Azospirillum thiophilum	
Chx_L227_5C_00150	gi|497233112|ref|WP_009547374.1|	29.835	1.64e-53	56	203	2546360	Crocosphaera subtropica	hypothetical protein [Crocosphaera subtropica]	Bacteria	Cyanobacteria		Chroococcales	Aphanothecaceae	Crocosphaera	Crocosphaera subtropica	
Chx_L227_5C_00150	gi|504944091|ref|WP_015131193.1|	36.455	8.85e-47	37	190	99598	Calothrix sp. PCC 7507	SGNH/GDSL hydrolase family protein [Calothrix sp. PCC 7507]	Bacteria	Cyanobacteria		Nostocales	Rivulariaceae	Calothrix	Calothrix sp. PCC 7507	
Chx_L227_5C_00150	gi|1707249868|ref|WP_143128807.1|	25.319	3.80e-16	57	93.2	571254	Ochrobactrum rhizosphaerae	hypothetical protein [Ochrobactrum rhizosphaerae]	Bacteria	Proteobacteria	Alphaproteobacteria	Rhizobiales	Brucellaceae	Ochrobactrum	Ochrobactrum rhizosphaerae	
Chx_L227_5C_00150	gi|1698227135|ref|WP_141544266.1|	37.647	1.67e-14	20	88.6	1404	Bacillus megaterium	hypothetical protein [Bacillus megaterium]	Bacteria	Firmicutes	Bacilli	Bacillales	Bacillaceae	Bacillus	Bacillus megaterium	
Chx_L227_5C_00150	gi|1698164502|ref|WP_141534345.1|	37.647	4.89e-14	20	87.0	1404	Bacillus megaterium	hypothetical protein [Bacillus megaterium]	Bacteria	Firmicutes	Bacilli	Bacillales	Bacillaceae	Bacillus	Bacillus megaterium	
Chx_L227_5C_00151	gi|1592072935|ref|WP_131989426.1|	58.252	5.16e-130	95	382	191863	Chthoniobacter flavus	NAD-dependent epimerase/dehydratase family protein [Chthoniobacter flavus]	Bacteria	Verrucomicrobia	Spartobacteria	Chthoniobacterales	Chthoniobacteraceae	Chthoniobacter	Chthoniobacter flavus	
Chx_L227_5C_00151	gi|1381860688|ref|WP_107743865.1|	56.550	1.29e-126	97	374	2161865	Opitutaceae bacterium EW11	NAD-dependent epimerase/dehydratase family protein [Opitutaceae bacterium EW11]	Bacteria	Verrucomicrobia	Opitutae	Opitutales	Opitutaceae		Opitutaceae bacterium EW11	
Chx_L227_5C_00151	gi|1384083319|ref|WP_108648879.1|	55.696	5.38e-122	96	362	556055	Polynucleobacter rarus	NAD-dependent epimerase/dehydratase family protein [Polynucleobacter rarus]	Bacteria	Proteobacteria	Betaproteobacteria	Burkholderiales	Burkholderiaceae	Polynucleobacter	Polynucleobacter rarus	
Chx_L227_5C_00151	gi|494037745|ref|WP_006979871.1|	58.451	5.22e-121	88	358	191863	Chthoniobacter flavus	NAD-dependent epimerase/dehydratase family protein [Chthoniobacter flavus]	Bacteria	Verrucomicrobia	Spartobacteria	Chthoniobacterales	Chthoniobacteraceae	Chthoniobacter	Chthoniobacter flavus	
Chx_L227_5C_00151	gi|1516258248|ref|WP_123223793.1|	55.763	7.81e-120	99	356	661485	Marmoricola pocheonensis	NAD-dependent epimerase/dehydratase family protein [Marmoricola pocheonensis]	Bacteria	Actinobacteria	Actinobacteria	Propionibacteriales	Nocardioidaceae	Marmoricola	Marmoricola pocheonensis	
Chx_L227_5C_00152	gi|1598154094|ref|WP_133795567.1|	48.458	1.41e-69	88	223	48464	Prosthecobacter fusiformis	hypothetical protein [Prosthecobacter fusiformis]	Bacteria	Verrucomicrobia	Verrucomicrobiae	Verrucomicrobiales	Verrucomicrobiaceae	Prosthecobacter	Prosthecobacter fusiformis	
Chx_L227_5C_00152	gi|1214420707|ref|WP_088812515.1|	46.119	1.60e-67	85	218	2049319	Polynucleobacter victoriensis	hypothetical protein [Polynucleobacter victoriensis]	Bacteria	Proteobacteria	Betaproteobacteria	Burkholderiales	Burkholderiaceae	Polynucleobacter	Polynucleobacter victoriensis	
Chx_L227_5C_00152	gi|1533971483|ref|WP_125216911.1|	49.765	6.32e-67	82	216	2049332	Methylomicrobium sp. wino1	hypothetical protein [Methylomicrobium sp. wino1]	Bacteria	Proteobacteria	Gammaproteobacteria	Methylococcales	Methylococcaceae	Methylomicrobium	Methylomicrobium sp. wino1	
Chx_L227_5C_00152	gi|1510957619|ref|WP_122953805.1|	49.296	2.35e-65	82	212	2268087	Polaromonas sp. SP1	hypothetical protein [Polaromonas sp. SP1]	Bacteria	Proteobacteria	Betaproteobacteria	Burkholderiales	Comamonadaceae	Polaromonas	Polaromonas sp. SP1	
Chx_L227_5C_00152	gi|1254079621|ref|WP_097013824.1|	45.740	3.21e-62	83	205	57320	Pseudodesulfovibrio profundus	hypothetical protein [Pseudodesulfovibrio profundus]	Bacteria	Proteobacteria	Deltaproteobacteria	Desulfovibrionales	Desulfovibrionaceae	Pseudodesulfovibrio	Pseudodesulfovibrio profundus	
Chx_L227_5C_00153	gi|916801790|ref|WP_051408846.1|	58.090	2.71e-160	95	465	328301	Syntrophorhabdus aromaticivorans	glycosyltransferase family 2 protein [Syntrophorhabdus aromaticivorans]	Bacteria	Proteobacteria	Deltaproteobacteria	Syntrophobacterales	Syntrophorhabdaceae	Syntrophorhabdus	Syntrophorhabdus aromaticivorans	
Chx_L227_5C_00153	gi|494037746|ref|WP_006979872.1|	59.350	1.35e-154	93	451	191863	Chthoniobacter flavus	glycosyltransferase family 2 protein [Chthoniobacter flavus]	Bacteria	Verrucomicrobia	Spartobacteria	Chthoniobacterales	Chthoniobacteraceae	Chthoniobacter	Chthoniobacter flavus	
Chx_L227_5C_00153	gi|1384083320|ref|WP_108648880.1|	55.285	1.19e-145	93	428	556055	Polynucleobacter rarus	glycosyltransferase family 2 protein [Polynucleobacter rarus]	Bacteria	Proteobacteria	Betaproteobacteria	Burkholderiales	Burkholderiaceae	Polynucleobacter	Polynucleobacter rarus	
Chx_L227_5C_00153	gi|1381860687|ref|WP_107743864.1|	56.911	2.32e-143	93	422	2161865	Opitutaceae bacterium EW11	glycosyltransferase family 2 protein [Opitutaceae bacterium EW11]	Bacteria	Verrucomicrobia	Opitutae	Opitutales	Opitutaceae		Opitutaceae bacterium EW11	
Chx_L227_5C_00153	gi|502701626|ref|WP_012936923.1|	50.259	6.82e-136	96	404	191495	Conexibacter woesei	glycosyltransferase [Conexibacter woesei]	Bacteria	Actinobacteria	Thermoleophilia	Solirubrobacterales	Conexibacteraceae	Conexibacter	Conexibacter woesei	
Chx_L227_5C_00154	gi|918349137|ref|WP_052403296.1|	57.216	2.04e-75	96	234	1034943	Legionella massiliensis	class I SAM-dependent methyltransferase [Legionella massiliensis]	Bacteria	Proteobacteria	Gammaproteobacteria	Legionellales	Legionellaceae	Legionella	Legionella massiliensis	
Chx_L227_5C_00154	gi|916948421|ref|WP_051555133.1|	55.670	2.08e-73	96	229	45064	Legionella fairfieldensis	class I SAM-dependent methyltransferase [Legionella fairfieldensis]	Bacteria	Proteobacteria	Gammaproteobacteria	Legionellales	Legionellaceae	Legionella	Legionella fairfieldensis	
Chx_L227_5C_00154	gi|1381860022|ref|WP_107743200.1|	53.299	2.93e-72	98	226	2161865	Opitutaceae bacterium EW11	methyltransferase domain-containing protein [Opitutaceae bacterium EW11]	Bacteria	Verrucomicrobia	Opitutae	Opitutales	Opitutaceae		Opitutaceae bacterium EW11	
Chx_L227_5C_00154	gi|1384083321|ref|WP_108648881.1|	51.269	1.02e-64	98	207	556055	Polynucleobacter rarus	class I SAM-dependent methyltransferase [Polynucleobacter rarus]	Bacteria	Proteobacteria	Betaproteobacteria	Burkholderiales	Burkholderiaceae	Polynucleobacter	Polynucleobacter rarus	
Chx_L227_5C_00154	gi|1516257653|ref|WP_123223198.1|	47.739	4.87e-60	98	196	661485	Marmoricola pocheonensis	class I SAM-dependent methyltransferase [Marmoricola pocheonensis]	Bacteria	Actinobacteria	Actinobacteria	Propionibacteriales	Nocardioidaceae	Marmoricola	Marmoricola pocheonensis	
Chx_L227_5C_00155	gi|1101514718|ref|WP_071521794.1|	33.333	3.21e-31	93	128	1525	Moorella thermoacetica	DMT family transporter [Moorella thermoacetica]	Bacteria	Firmicutes	Clostridia	Thermoanaerobacterales	Thermoanaerobacteraceae	Moorella	Moorella thermoacetica	
Chx_L227_5C_00155	gi|1101991665|ref|WP_071541620.1|	33.333	3.96e-31	93	128	1525	Moorella thermoacetica	DMT family transporter [Moorella thermoacetica]	Bacteria	Firmicutes	Clostridia	Thermoanaerobacterales	Thermoanaerobacteraceae	Moorella	Moorella thermoacetica	
Chx_L227_5C_00155	gi|647361144|ref|WP_025774691.1|	33.333	6.53e-31	93	127	1525	Moorella thermoacetica	DMT family transporter [Moorella thermoacetica]	Bacteria	Firmicutes	Clostridia	Thermoanaerobacterales	Thermoanaerobacteraceae	Moorella	Moorella thermoacetica	
Chx_L227_5C_00155	gi|1068524345|ref|WP_069589492.1|	33.003	4.75e-30	93	125	1525	Moorella thermoacetica	DMT family transporter [Moorella thermoacetica]	Bacteria	Firmicutes	Clostridia	Thermoanaerobacterales	Thermoanaerobacteraceae	Moorella	Moorella thermoacetica	
Chx_L227_5C_00155	gi|1101513514|ref|WP_071520685.1|	32.673	1.51e-29	93	124	1525	Moorella thermoacetica	DMT family transporter [Moorella thermoacetica]	Bacteria	Firmicutes	Clostridia	Thermoanaerobacterales	Thermoanaerobacteraceae	Moorella	Moorella thermoacetica	
Chx_L227_5C_00158	gi|546458973|ref|WP_021864468.1|	40.000	2.69e-27	80	107	2137880	Candidatus Gastranaerophilales bacterium	winged helix-turn-helix transcriptional regulator [Candidatus Gastranaerophilales bacterium]	Bacteria	Candidatus Melainabacteria		Candidatus Gastranaerophilales			Candidatus Gastranaerophilales bacterium	
Chx_L227_5C_00158	gi|1731053022|ref|WP_148322822.1|	42.500	1.23e-26	84	105	1898204	Clostridiaceae bacterium	metalloregulator ArsR/SmtB family transcription factor [Clostridiaceae bacterium]	Bacteria	Firmicutes	Clostridia	Clostridiales	Clostridiaceae		Clostridiaceae bacterium	
Chx_L227_5C_00158	gi|692296148|ref|WP_032117137.1|	42.623	2.28e-26	85	104	1499684	Clostridium sp. CL-2	helix-turn-helix transcriptional regulator [Clostridium sp. CL-2]	Bacteria	Firmicutes	Clostridia	Clostridiales	Clostridiaceae	Clostridium	Clostridium sp. CL-2	
Chx_L227_5C_00158	gi|1593291242|ref|WP_133015385.1|	42.500	4.70e-26	84	104	2548455	Clostridium cuniculi	winged helix-turn-helix transcriptional regulator [Clostridium cuniculi]	Bacteria	Firmicutes	Clostridia	Clostridiales	Clostridiaceae	Clostridium	Clostridium cuniculi	
Chx_L227_5C_00158	gi|942009613|ref|WP_055266612.1|	41.803	1.30e-25	85	102	84024	Clostridium disporicum	helix-turn-helix transcriptional regulator [Clostridium disporicum]	Bacteria	Firmicutes	Clostridia	Clostridiales	Clostridiaceae	Clostridium	Clostridium disporicum	
Chx_L227_5C_00159	gi|917307467|ref|WP_051914179.1|	33.254	6.32e-56	79	202	1382356	Thermorudis peleae	polysaccharide deacetylase family protein [Thermorudis peleae]	Bacteria	Chloroflexi	Thermomicrobia			Thermorudis	Thermorudis peleae	
Chx_L227_5C_00159	gi|501802310|ref|WP_012643250.1|	34.458	1.26e-52	78	194	500	Thermomicrobium roseum	polysaccharide deacetylase family protein [Thermomicrobium roseum]	Bacteria	Chloroflexi	Thermomicrobia	Thermomicrobiales	Thermomicrobiaceae	Thermomicrobium	Thermomicrobium roseum	
Chx_L227_5C_00159	gi|1175339303|ref|WP_081887095.1|	38.696	5.30e-33	42	143	1382356	Thermorudis peleae	cellulase family glycosylhydrolase [Thermorudis peleae]	Bacteria	Chloroflexi	Thermomicrobia			Thermorudis	Thermorudis peleae	
Chx_L227_5C_00159	gi|917307411|ref|WP_051914123.1|	36.364	2.35e-32	41	136	1382356	Thermorudis peleae	polysaccharide deacetylase family protein [Thermorudis peleae]	Bacteria	Chloroflexi	Thermomicrobia			Thermorudis	Thermorudis peleae	
Chx_L227_5C_00159	gi|1574208315|ref|WP_129672017.1|	38.528	2.51e-32	43	135	2496869	Candidatus Chloroploca sp. Khr17	polysaccharide deacetylase family protein [Candidatus Chloroploca sp. Khr17]	Bacteria	Chloroflexi	Chloroflexia	Chloroflexales	Oscillochloridaceae	Candidatus Chloroploca	Candidatus Chloroploca sp. Khr17	
Chx_L227_5C_00160	gi|1267755967|ref|WP_098503539.1|	58.511	4.94e-31	94	114	1495650	Thermoflexus hugenholtzii	ferredoxin family protein [Thermoflexus hugenholtzii]	Bacteria	Chloroflexi	Thermoflexia	Thermoflexales	Thermoflexaceae	Thermoflexus	Thermoflexus hugenholtzii	
Chx_L227_5C_00160	gi|1221832286|ref|WP_089937428.1|	57.447	8.93e-31	94	113	93172	Candidatus Entotheonella palauensis	ferredoxin family protein [Candidatus Entotheonella palauensis]	Bacteria	Candidatus Tectomicrobia				Candidatus Entotheonella	Candidatus Entotheonella palauensis	
Chx_L227_5C_00160	gi|736389610|ref|WP_034413480.1|	58.065	1.85e-30	93	112	93172	Candidatus Entotheonella palauensis	ferredoxin family protein [Candidatus Entotheonella palauensis]	Bacteria	Candidatus Tectomicrobia				Candidatus Entotheonella	Candidatus Entotheonella palauensis	
Chx_L227_5C_00160	gi|1245986583|ref|WP_096212320.1|	68.421	2.92e-29	76	110	1938841	Streptomyces sp. 2323.1	ferredoxin family protein [Streptomyces sp. 2323.1]	Bacteria	Actinobacteria	Actinobacteria	Streptomycetales	Streptomycetaceae	Streptomyces	Streptomyces sp. 2323.1	
Chx_L227_5C_00160	gi|512725502|ref|WP_016483505.1|	62.069	2.98e-29	82	109	454171	Chthonomonas calidirosea	ferredoxin family protein [Chthonomonas calidirosea]	Bacteria	Armatimonadetes	Chthonomonadetes	Chthonomonadales	Chthonomonadaceae	Chthonomonas	Chthonomonas calidirosea	
Chx_L227_5C_00161	gi|499235425|ref|WP_010932965.1|	46.256	0.0	96	563	1097	Chlorobaculum tepidum	magnesium chelatase ATPase subunit D [Chlorobaculum tepidum]	Bacteria	Chlorobi	Chlorobia	Chlorobiales	Chlorobiaceae	Chlorobaculum	Chlorobaculum tepidum	
Chx_L227_5C_00161	gi|1690660651|ref|WP_139455870.1|	46.041	0.0	96	556	115852	Chlorobaculum thiosulfatiphilum	magnesium chelatase ATPase subunit D [Chlorobaculum thiosulfatiphilum]	Bacteria	Chlorobi	Chlorobia	Chlorobiales	Chlorobiaceae	Chlorobaculum	Chlorobaculum thiosulfatiphilum	
Chx_L227_5C_00161	gi|493410367|ref|WP_006366346.1|	45.308	0.0	97	552	84205	Chlorobium ferrooxidans	magnesium chelatase ATPase subunit D [Chlorobium ferrooxidans]	Bacteria	Chlorobi	Chlorobia	Chlorobiales	Chlorobiaceae	Chlorobium	Chlorobium ferrooxidans	
Chx_L227_5C_00161	gi|1071376937|ref|WP_069809170.1|	45.974	0.0	96	551	274537	Chlorobaculum limnaeum	magnesium chelatase ATPase subunit D [Chlorobaculum limnaeum]	Bacteria	Chlorobi	Chlorobia	Chlorobiales	Chlorobiaceae	Chlorobaculum	Chlorobaculum limnaeum	
Chx_L227_5C_00161	gi|501492170|ref|WP_012500609.1|	44.363	0.0	96	546	100716	Chloroherpeton thalassium	magnesium chelatase ATPase subunit D [Chloroherpeton thalassium]	Bacteria	Chlorobi	Chlorobia	Chlorobiales	Chlorobiaceae	Chloroherpeton	Chloroherpeton thalassium	
Chx_L227_5C_00162	gi|1402619959|ref|WP_110518777.1|	29.088	1.09e-61	92	223	2094568	Herpetosiphon llansteffanense	oligosaccharide flippase family protein [Herpetosiphon llansteffanense]	Bacteria	Chloroflexi	Chloroflexia	Herpetosiphonales	Herpetosiphonaceae	Herpetosiphon	Herpetosiphon llansteffanensis	
Chx_L227_5C_00162	gi|936199162|ref|WP_054533300.1|	29.088	2.72e-61	92	221	70996	Herpetosiphon geysericola	oligosaccharide flippase family protein [Herpetosiphon geysericola]	Bacteria	Chloroflexi	Chloroflexia	Herpetosiphonales	Herpetosiphonaceae	Herpetosiphon	Herpetosiphon geysericola	
Chx_L227_5C_00162	gi|649575804|ref|WP_026369486.1|	28.675	4.52e-48	93	185	1128421	bacterium JKG1	hypothetical protein [bacterium JKG1]	Bacteria						bacterium JKG1	
Chx_L227_5C_00162	gi|501685385|ref|WP_012616167.1|	30.247	1.84e-41	82	167	152260	Chloroflexus aggregans	hypothetical protein [Chloroflexus aggregans]	Bacteria	Chloroflexi	Chloroflexia	Chloroflexales	Chloroflexaceae	Chloroflexus	Chloroflexus aggregans	
Chx_L227_5C_00162	gi|1055032113|ref|WP_066782939.1|	30.185	2.27e-39	82	161	1707952	Chloroflexus islandicus	hypothetical protein [Chloroflexus islandicus]	Bacteria	Chloroflexi	Chloroflexia	Chloroflexales	Chloroflexaceae	Chloroflexus	Chloroflexus islandicus	
Chx_L227_5C_00163	gi|1574206916|ref|WP_129670670.1|	64.723	7.85e-155	87	450	2496869	Candidatus Chloroploca sp. Khr17	magnesium chelatase ATPase subunit I [Candidatus Chloroploca sp. Khr17]	Bacteria	Chloroflexi	Chloroflexia	Chloroflexales	Oscillochloridaceae	Candidatus Chloroploca	Candidatus Chloroploca sp. Khr17	
Chx_L227_5C_00163	gi|1610946742|ref|WP_135476861.1|	64.431	1.31e-154	87	449	2528176	Candidatus Chloroploca sp. M-50	magnesium chelatase ATPase subunit I [Candidatus Chloroploca sp. M-50]	Bacteria	Chloroflexi	Chloroflexia	Chloroflexales	Oscillochloridaceae	Candidatus Chloroploca	Candidatus Chloroploca sp. M-50	
Chx_L227_5C_00163	gi|1258455118|ref|WP_097651523.1|	64.431	3.75e-154	87	448	1506545	Candidatus Chloroploca asiatica	magnesium chelatase ATPase subunit I [Candidatus Chloroploca asiatica]	Bacteria	Chloroflexi	Chloroflexia	Chloroflexales	Oscillochloridaceae	Candidatus Chloroploca	Candidatus Chloroploca asiatica	
Chx_L227_5C_00163	gi|1258436190|ref|WP_097644586.1|	65.497	1.93e-151	87	441	2024553	Candidatus Viridilinea mediisalina	magnesium chelatase ATPase subunit I [Candidatus Viridilinea mediisalina]	Bacteria	Chloroflexi	Chloroflexia	Chloroflexales	Oscillochloridaceae	Candidatus Viridilinea	Candidatus Viridilinea mediisalina	
Chx_L227_5C_00163	gi|655008066|ref|WP_028457137.1|	67.742	1.55e-150	87	439	867845	Chloroflexus sp. Y-396-1	magnesium chelatase ATPase subunit I [Chloroflexus sp. Y-396-1]	Bacteria	Chloroflexi	Chloroflexia	Chloroflexales	Chloroflexaceae	Chloroflexus	Chloroflexus sp. Y-396-1	
Chx_L227_5C_00164	gi|493609234|ref|WP_006561642.1|	42.949	7.21e-81	88	259	104176	Oscillochloris trichoides	alpha/beta hydrolase [Oscillochloris trichoides]	Bacteria	Chloroflexi	Chloroflexia	Chloroflexales	Oscillochloridaceae	Oscillochloris	Oscillochloris trichoides	
Chx_L227_5C_00164	gi|1574166302|ref|WP_129631639.1|	42.038	7.24e-75	88	243	2496868	Oscillochloris sp. Chuk17	alpha/beta hydrolase [Candidatus Oscillochloris fontis]	Bacteria	Chloroflexi	Chloroflexia	Chloroflexales	Oscillochloridaceae	Oscillochloris	Candidatus Oscillochloris fontis	
Chx_L227_5C_00164	gi|1610946323|ref|WP_135476473.1|	40.506	9.08e-74	89	241	2528176	Candidatus Chloroploca sp. M-50	alpha/beta hydrolase [Candidatus Chloroploca sp. M-50]	Bacteria	Chloroflexi	Chloroflexia	Chloroflexales	Oscillochloridaceae	Candidatus Chloroploca	Candidatus Chloroploca sp. M-50	
Chx_L227_5C_00164	gi|1258434627|ref|WP_097643057.1|	41.724	2.26e-73	82	239	2024553	Candidatus Viridilinea mediisalina	alpha/beta hydrolase [Candidatus Viridilinea mediisalina]	Bacteria	Chloroflexi	Chloroflexia	Chloroflexales	Oscillochloridaceae	Candidatus Viridilinea	Candidatus Viridilinea mediisalina	
Chx_L227_5C_00164	gi|501491761|ref|WP_012500205.1|	38.438	3.87e-73	93	239	100716	Chloroherpeton thalassium	alpha/beta hydrolase [Chloroherpeton thalassium]	Bacteria	Chlorobi	Chlorobia	Chlorobiales	Chlorobiaceae	Chloroherpeton	Chloroherpeton thalassium	
Chx_L227_5C_00166	gi|973396727|ref|WP_059139303.1|	31.250	9.03e-87	94	294	1092	Chlorobium limicola	photosystem I reaction center subunit IX [Chlorobium limicola]	Bacteria	Chlorobi	Chlorobia	Chlorobiales	Chlorobiaceae	Chlorobium	Chlorobium limicola	
Chx_L227_5C_00166	gi|501441713|ref|WP_012465162.1|	31.250	1.15e-86	94	294	1092	Chlorobium limicola	photosystem I reaction center subunit IX [Chlorobium limicola]	Bacteria	Chlorobi	Chlorobia	Chlorobiales	Chlorobiaceae	Chlorobium	Chlorobium limicola	
Chx_L227_5C_00166	gi|499680655|ref|WP_011361389.1|	31.744	1.75e-86	94	293	337090	Chlorobium chlorochromatii	photosystem I reaction center subunit IX [Chlorobium chlorochromatii]	Bacteria	Chlorobi	Chlorobia	Chlorobiales	Chlorobiaceae	Chlorobium	Chlorobium chlorochromatii	
Chx_L227_5C_00166	gi|1189233944|ref|WP_085658900.1|	30.769	2.68e-85	96	290	1974213	Prosthecochloris sp. HL-130-GSB	photosystem I reaction center subunit IX [Prosthecochloris sp. HL-130-GSB]	Bacteria	Chlorobi	Chlorobia	Chlorobiales	Chlorobiaceae	Prosthecochloris	Prosthecochloris sp. HL-130-GSB	
Chx_L227_5C_00166	gi|501501095|ref|WP_012509324.1|	30.896	3.28e-85	94	290	34090	Pelodictyon phaeoclathratiforme	photosystem I reaction center subunit IX [Pelodictyon phaeoclathratiforme]	Bacteria	Chlorobi	Chlorobia	Chlorobiales	Chlorobiaceae	Pelodictyon	Pelodictyon phaeoclathratiforme	
Chx_L227_5C_00167	gi|501490809|ref|WP_012499263.1|	29.155	1.50e-47	94	174	100716	Chloroherpeton thalassium	bacteriochlorophyll a protein [Chloroherpeton thalassium]	Bacteria	Chlorobi	Chlorobia	Chlorobiales	Chlorobiaceae	Chloroherpeton	Chloroherpeton thalassium	
Chx_L227_5C_00167	gi|503866667|ref|WP_014100661.1|	32.239	1.48e-46	85	172	458033	Chloracidobacterium thermophilum	bacteriochlorophyll A protein [Chloracidobacterium thermophilum]	Bacteria	Acidobacteria	Blastocatellia			Chloracidobacterium	Chloracidobacterium thermophilum	
Chx_L227_5C_00167	gi|1071376725|ref|WP_069808958.1|	31.765	2.13e-46	88	171	274537	Chlorobaculum limnaeum	bacteriochlorophyll a protein [Chlorobaculum limnaeum]	Bacteria	Chlorobi	Chlorobia	Chlorobiales	Chlorobiaceae	Chlorobaculum	Chlorobaculum limnaeum	
Chx_L227_5C_00167	gi|971006803|ref|WP_058867937.1|	31.642	2.94e-46	85	171	458033	Chloracidobacterium thermophilum	hypothetical protein [Chloracidobacterium thermophilum]	Bacteria	Acidobacteria	Blastocatellia			Chloracidobacterium	Chloracidobacterium thermophilum	
Chx_L227_5C_00167	gi|1690662158|ref|WP_139457377.1|	31.765	3.42e-46	88	171	115852	Chlorobaculum thiosulfatiphilum	bacteriochlorophyll a protein [Chlorobaculum thiosulfatiphilum]	Bacteria	Chlorobi	Chlorobia	Chlorobiales	Chlorobiaceae	Chlorobaculum	Chlorobaculum thiosulfatiphilum	
Chx_L227_5C_00170	gi|1120329589|ref|WP_073194445.1|	58.824	7.56e-30	18	131	116090	Caloranaerobacter azorensis	M23 family metallopeptidase [Caloranaerobacter azorensis]	Bacteria	Firmicutes	Clostridia	Clostridiales	Clostridiaceae	Caloranaerobacter	Caloranaerobacter azorensis	
Chx_L227_5C_00170	gi|737177475|ref|WP_035163615.1|	57.843	3.58e-29	18	129	116090	Caloranaerobacter azorensis	M23 family metallopeptidase [Caloranaerobacter azorensis]	Bacteria	Firmicutes	Clostridia	Clostridiales	Clostridiaceae	Caloranaerobacter	Caloranaerobacter azorensis	
Chx_L227_5C_00170	gi|1486681202|ref|WP_120170380.1|	57.843	8.44e-29	18	128	99594	Thermohalobacter berrensis	M23 family metallopeptidase [Thermohalobacter berrensis]	Bacteria	Firmicutes	Clostridia	Clostridiales	Clostridiaceae	Thermohalobacter	Thermohalobacter berrensis	
Chx_L227_5C_00170	gi|1486680205|ref|WP_120169383.1|	55.660	9.18e-29	19	126	99594	Thermohalobacter berrensis	M23 family metallopeptidase [Thermohalobacter berrensis]	Bacteria	Firmicutes	Clostridia	Clostridiales	Clostridiaceae	Thermohalobacter	Thermohalobacter berrensis	
Chx_L227_5C_00170	gi|1442512238|ref|WP_115150839.1|	42.424	5.73e-28	29	125	158847	Megamonas hypermegale	peptidoglycan DD-metalloendopeptidase family protein [Megamonas hypermegale]	Bacteria	Firmicutes	Negativicutes	Selenomonadales	Selenomonadaceae	Megamonas	Megamonas hypermegale	
Chx_L227_5C_00171	gi|502634967|ref|WP_012871512.1|	69.125	0.0	97	1628	2057	Sphaerobacter thermophilus	DNA-directed RNA polymerase subunit beta [Sphaerobacter thermophilus]	Bacteria	Chloroflexi	Thermomicrobia	Sphaerobacterales	Sphaerobacteraceae	Sphaerobacter	Sphaerobacter thermophilus	
Chx_L227_5C_00171	gi|495751482|ref|WP_008476061.1|	68.696	0.0	97	1618	1206749	Nitrolancea hollandica	DNA-directed RNA polymerase subunit beta [Nitrolancea hollandica]	Bacteria	Chloroflexi	Thermomicrobia	Sphaerobacterales	Sphaerobacteraceae	Nitrolancea	Nitrolancea hollandica	
Chx_L227_5C_00171	gi|740196906|ref|WP_038038865.1|	68.525	0.0	97	1596	1382356	Thermorudis peleae	DNA-directed RNA polymerase subunit beta [Thermorudis peleae]	Bacteria	Chloroflexi	Thermomicrobia			Thermorudis	Thermorudis peleae	
Chx_L227_5C_00171	gi|1545395475|ref|WP_126549963.1|	68.340	0.0	97	1596	2014872	Dictyobacter kobayashii	DNA-directed RNA polymerase subunit beta [Dictyobacter kobayashii]	Bacteria	Chloroflexi	Ktedonobacteria	Ktedonobacterales	Dictyobacteraceae	Dictyobacter	Dictyobacter kobayashii	
Chx_L227_5C_00171	gi|1740944467|ref|WP_149401959.1|	68.000	0.0	97	1594	2014874	Dictyobacter sp. Uno17	DNA-directed RNA polymerase subunit beta [Dictyobacter sp. Uno17]	Bacteria	Chloroflexi	Ktedonobacteria	Ktedonobacterales	Dictyobacteraceae	Dictyobacter	Dictyobacter sp. Uno17	
Chx_L227_5C_00172	gi|670510449|ref|WP_031458219.1|	59.044	0.0	94	1712	1521187	Chloroflexus sp. MS-G	DNA-directed RNA polymerase subunit beta' [Chloroflexus sp. MS-G]	Bacteria	Chloroflexi	Chloroflexia	Chloroflexales	Chloroflexaceae	Chloroflexus	Chloroflexus sp. MS-G	
Chx_L227_5C_00172	gi|1574216888|ref|WP_129680262.1|	57.039	0.0	96	1706	2496870	Chloroflexales bacterium ZM16-3	DNA-directed RNA polymerase subunit beta' [Chloroflexales bacterium ZM16-3]	Bacteria	Chloroflexi	Chloroflexia	Chloroflexales			Chloroflexales bacterium ZM16-3	
Chx_L227_5C_00172	gi|655008654|ref|WP_028457725.1|	58.840	0.0	94	1704	867845	Chloroflexus sp. Y-396-1	DNA-directed RNA polymerase subunit beta' [Chloroflexus sp. Y-396-1]	Bacteria	Chloroflexi	Chloroflexia	Chloroflexales	Chloroflexaceae	Chloroflexus	Chloroflexus sp. Y-396-1	
Chx_L227_5C_00172	gi|501865721|ref|WP_012660547.1|	59.032	0.0	94	1701	1108	Chloroflexus aurantiacus	DNA-directed RNA polymerase subunit beta' [Chloroflexus aurantiacus]	Bacteria	Chloroflexi	Chloroflexia	Chloroflexales	Chloroflexaceae	Chloroflexus	Chloroflexus aurantiacus	
Chx_L227_5C_00172	gi|501213744|ref|WP_012256762.1|	59.032	0.0	94	1701	1108	Chloroflexus aurantiacus	DNA-directed RNA polymerase subunit beta' [Chloroflexus aurantiacus]	Bacteria	Chloroflexi	Chloroflexia	Chloroflexales	Chloroflexaceae	Chloroflexus	Chloroflexus aurantiacus	
Chx_L227_5C_00173	gi|754800624|ref|WP_042163915.1|	48.872	3.34e-41	88	144	1243662	Paenibacillus gorillae	phage tail protein [Paenibacillus gorillae]	Bacteria	Firmicutes	Bacilli	Bacillales	Paenibacillaceae	Paenibacillus	Paenibacillus gorillae	
Chx_L227_5C_00173	gi|1478122400|ref|WP_119321801.1|	42.222	4.92e-41	89	144	2219043	Capsulimonas corticalis	phage tail protein [Capsulimonas corticalis]	Bacteria	Armatimonadetes	Armatimonadia	Capsulimonadales	Capsulimonadaceae	Capsulimonas	Capsulimonas corticalis	
Chx_L227_5C_00173	gi|1635466423|ref|WP_137183297.1|	44.186	7.72e-38	85	135	2562315	Paenibacillus sp. SY21-1	phage tail protein [Paenibacillus sp. SY21-1]	Bacteria	Firmicutes	Bacilli	Bacillales	Paenibacillaceae	Paenibacillus	Paenibacillus sp. SY21-1	
Chx_L227_5C_00173	gi|738829748|ref|WP_036719597.1|	41.606	8.32e-38	91	135	306543	Paenibacillus harenae	phage tail protein [Paenibacillus harenae]	Bacteria	Firmicutes	Bacilli	Bacillales	Paenibacillaceae	Paenibacillus	Paenibacillus harenae	
Chx_L227_5C_00173	gi|1200133479|ref|WP_087566830.1|	45.736	1.40e-37	85	134	302980	Paenibacillus sp. MY03	phage tail protein [Paenibacillus sp. MY03]	Bacteria	Firmicutes	Bacilli	Bacillales	Paenibacillaceae	Paenibacillus	Paenibacillus sp. MY03	
Chx_L227_5C_00174	gi|851266857|ref|WP_048139389.1|	63.115	2.49e-45	91	152	418008	Methanosarcina horonobensis	hypothetical protein [Methanosarcina horonobensis]	Archaea	Euryarchaeota	Methanomicrobia	Methanosarcinales	Methanosarcinaceae	Methanosarcina	Methanosarcina horonobensis	
Chx_L227_5C_00174	gi|495660637|ref|WP_008385216.1|	60.000	1.19e-41	87	144	411361	Halogeometricum pallidum	hypothetical protein [Halogeometricum pallidum]	Archaea	Euryarchaeota	Halobacteria	Haloferacales	Haloferacaceae	Halogeometricum	Halogeometricum pallidum	
Chx_L227_5C_00174	gi|500593614|ref|WP_011956400.1|	61.062	5.09e-41	86	141	357808	Roseiflexus sp. RS-1	hypothetical protein [Roseiflexus sp. RS-1]	Bacteria	Chloroflexi	Chloroflexia	Chloroflexales	Roseiflexaceae	Roseiflexus	Roseiflexus sp. RS-1	
Chx_L227_5C_00174	gi|1325648429|ref|WP_101552348.1|	57.391	8.95e-41	88	140	1673720	Anaerotruncus massiliensis	hypothetical protein [Anaerotruncus massiliensis]	Bacteria	Firmicutes	Clostridia	Clostridiales	Ruminococcaceae	Anaerotruncus	Anaerotruncus massiliensis	
Chx_L227_5C_00174	gi|1248060203|ref|WP_096564182.1|	61.607	9.13e-41	85	140	2005464	Scytonema sp. NIES-4073	hypothetical protein [Scytonema sp. NIES-4073]	Bacteria	Cyanobacteria		Nostocales	Scytonemataceae	Scytonema	Scytonema sp. NIES-4073	
Chx_L227_5C_00175	gi|1374041302|ref|WP_107138793.1|	32.117	7.44e-14	90	73.9	2136176	Deinococcus sp. OD32	phage tail protein [Deinococcus sp. OD32]	Bacteria	Deinococcus-Thermus	Deinococci	Deinococcales	Deinococcaceae	Deinococcus	Deinococcus sp. OD32	
Chx_L227_5C_00175	gi|499124668|ref|WP_010853557.1|	32.117	1.79e-13	90	72.8	1232681	Lunatimonas lonarensis	phage tail protein [Lunatimonas lonarensis]	Bacteria	Bacteroidetes	Cytophagia	Cytophagales	Cyclobacteriaceae	Lunatimonas	Lunatimonas lonarensis	
Chx_L227_5C_00175	gi|495081663|ref|WP_007806487.1|	32.117	3.86e-13	90	72.0	237	Flavobacterium	MULTISPECIES: phage tail protein [Flavobacterium]	Bacteria	Bacteroidetes	Flavobacteriia	Flavobacteriales	Flavobacteriaceae	Flavobacterium		
Chx_L227_5C_00175	gi|1597813608|ref|WP_133509764.1|	32.117	4.24e-13	90	72.0	2512113	Flavobacterium sp. P3160	phage tail protein [Flavobacterium sp. P3160]	Bacteria	Bacteroidetes	Flavobacteriia	Flavobacteriales	Flavobacteriaceae	Flavobacterium	Flavobacterium sp. P3160	
Chx_L227_5C_00175	gi|1204968788|ref|WP_087711258.1|	31.915	4.25e-13	93	72.0	1945581	Chryseobacterium mucoviscidosis	phage tail protein [Chryseobacterium mucoviscidosis]	Bacteria	Bacteroidetes	Flavobacteriia	Flavobacteriales	Flavobacteriaceae	Chryseobacterium	Chryseobacterium mucoviscidosis	
Chx_L227_5C_00176	gi|1450144911|ref|WP_116209239.1|	45.212	7.33e-169	100	503	68246	Streptomyces olivoreticuli	phage tail sheath family protein [Streptomyces olivoreticuli]	Bacteria	Actinobacteria	Actinobacteria	Streptomycetales	Streptomycetaceae	Streptomyces	Streptomyces olivoreticuli	
Chx_L227_5C_00176	gi|1223394501|ref|WP_091432570.1|	50.870	1.62e-153	73	461	683228	Micromonospora yangpuensis	phage tail sheath family protein [Micromonospora yangpuensis]	Bacteria	Actinobacteria	Actinobacteria	Micromonosporales	Micromonosporaceae	Micromonospora	Micromonospora yangpuensis	
Chx_L227_5C_00176	gi|1223394501|ref|WP_091432570.1|	44.103	6.76e-29	28	131	683228	Micromonospora yangpuensis	phage tail sheath family protein [Micromonospora yangpuensis]	Bacteria	Actinobacteria	Actinobacteria	Micromonosporales	Micromonosporaceae	Micromonospora	Micromonospora yangpuensis	
Chx_L227_5C_00176	gi|1121715105|ref|WP_073921949.1|	56.675	3.36e-149	63	450	1804758	Streptomyces sp. CB03911	phage tail sheath family protein [Streptomyces sp. CB03911]	Bacteria	Actinobacteria	Actinobacteria	Streptomycetales	Streptomycetaceae	Streptomyces	Streptomyces sp. CB03911	
Chx_L227_5C_00176	gi|1121715105|ref|WP_073921949.1|	40.777	3.24e-27	29	126	1804758	Streptomyces sp. CB03911	phage tail sheath family protein [Streptomyces sp. CB03911]	Bacteria	Actinobacteria	Actinobacteria	Streptomycetales	Streptomycetaceae	Streptomyces	Streptomyces sp. CB03911	
Chx_L227_5C_00176	gi|1223246228|ref|WP_091285491.1|	52.530	3.98e-149	66	450	686309	Micromonospora haikouensis	phage tail sheath family protein [Micromonospora haikouensis]	Bacteria	Actinobacteria	Actinobacteria	Micromonosporales	Micromonosporaceae	Micromonospora	Micromonospora haikouensis	
Chx_L227_5C_00176	gi|1223246228|ref|WP_091285491.1|	43.316	3.68e-27	27	126	686309	Micromonospora haikouensis	phage tail sheath family protein [Micromonospora haikouensis]	Bacteria	Actinobacteria	Actinobacteria	Micromonosporales	Micromonosporaceae	Micromonospora	Micromonospora haikouensis	
Chx_L227_5C_00176	gi|1055772193|ref|WP_067373587.1|	53.237	4.83e-149	66	449	47874	Micromonospora rosaria	phage tail sheath family protein [Micromonospora rosaria]	Bacteria	Actinobacteria	Actinobacteria	Micromonosporales	Micromonosporaceae	Micromonospora	Micromonospora rosaria	
Chx_L227_5C_00176	gi|1055772193|ref|WP_067373587.1|	43.523	4.11e-28	28	129	47874	Micromonospora rosaria	phage tail sheath family protein [Micromonospora rosaria]	Bacteria	Actinobacteria	Actinobacteria	Micromonosporales	Micromonosporaceae	Micromonospora	Micromonospora rosaria	
Chx_L227_5C_00177	gi|917761897|ref|WP_052275902.1|	45.614	1.09e-41	56	151	1125	Microcystis	MULTISPECIES: DUF4255 domain-containing protein [Microcystis]	Bacteria	Cyanobacteria		Chroococcales	Microcystaceae	Microcystis		
Chx_L227_5C_00177	gi|488878451|ref|WP_002790676.1|	45.029	6.24e-41	56	149	1126	Microcystis aeruginosa	DUF4255 domain-containing protein [Microcystis aeruginosa]	Bacteria	Cyanobacteria		Chroococcales	Microcystaceae	Microcystis	Microcystis aeruginosa	
Chx_L227_5C_00177	gi|488858054|ref|WP_002770364.1|	44.444	2.54e-39	56	145	1126	Microcystis aeruginosa	DUF4255 domain-containing protein [Microcystis aeruginosa]	Bacteria	Cyanobacteria		Chroococcales	Microcystaceae	Microcystis	Microcystis aeruginosa	
Chx_L227_5C_00177	gi|1724312615|ref|WP_147069005.1|	44.444	2.55e-39	56	145	1126	Microcystis aeruginosa	DUF4255 domain-containing protein [Microcystis aeruginosa]	Bacteria	Cyanobacteria		Chroococcales	Microcystaceae	Microcystis	Microcystis aeruginosa	
Chx_L227_5C_00177	gi|1125734699|ref|WP_075062847.1|	33.445	3.16e-38	98	145	1134406	Ornatilinea apprima	DUF4255 domain-containing protein [Ornatilinea apprima]	Bacteria	Chloroflexi	Anaerolineae	Anaerolineales	Anaerolineaceae	Ornatilinea	Ornatilinea apprima	
Chx_L227_5C_00178	gi|917761626|ref|WP_052275631.1|	36.232	1.49e-21	80	104	513223	Microcystis panniformis	DUF4157 domain-containing protein [Microcystis panniformis]	Bacteria	Cyanobacteria		Chroococcales	Microcystaceae	Microcystis	Microcystis panniformis	
Chx_L227_5C_00178	gi|1120053926|ref|WP_072927737.1|	36.232	1.61e-21	80	104	1126	Microcystis aeruginosa	DUF4157 domain-containing protein [Microcystis aeruginosa]	Bacteria	Cyanobacteria		Chroococcales	Microcystaceae	Microcystis	Microcystis aeruginosa	
Chx_L227_5C_00178	gi|917065615|ref|WP_051672327.1|	44.697	2.82e-21	44	99.4	119060	Burkholderiaceae	MULTISPECIES: DUF4157 domain-containing protein [Burkholderiaceae]	Bacteria	Proteobacteria	Betaproteobacteria	Burkholderiales	Burkholderiaceae			
Chx_L227_5C_00178	gi|1171848231|ref|WP_080605447.1|	34.909	2.98e-21	84	103	1126	Microcystis aeruginosa	DUF4157 domain-containing protein [Microcystis aeruginosa]	Bacteria	Cyanobacteria		Chroococcales	Microcystaceae	Microcystis	Microcystis aeruginosa	
Chx_L227_5C_00178	gi|919112423|ref|WP_052668066.1|	42.276	9.19e-20	41	95.5	427918	Nitriliruptor alkaliphilus	DUF4157 domain-containing protein [Nitriliruptor alkaliphilus]	Bacteria	Actinobacteria	Nitriliruptoria	Nitriliruptorales	Nitriliruptoraceae	Nitriliruptor	Nitriliruptor alkaliphilus	
Chx_L227_5C_00179	gi|753208067|ref|WP_041514053.1|	46.175	0.0	97	591	58133	Nitrosospira sp. NpAV	ATP-binding protein [Nitrosospira sp. NpAV]	Bacteria	Proteobacteria	Betaproteobacteria	Nitrosomonadales	Nitrosomonadaceae	Nitrosospira	Nitrosospira sp. NpAV	
Chx_L227_5C_00179	gi|1245979715|ref|WP_096206606.1|	45.913	0.0	97	587	1392998	Candidatus Methanoperedens nitroreducens	ATP-binding protein [Candidatus Methanoperedens nitroreducens]	Archaea	Euryarchaeota	Methanomicrobia	Methanosarcinales	Candidatus Methanoperedenaceae	Candidatus Methanoperedens	Candidatus Methanoperedens nitroreducens	
Chx_L227_5C_00179	gi|703027017|ref|WP_033334977.1|	43.919	0.0	97	573	34078	Scytonema hofmannii	ATP-binding protein [Scytonema hofmannii]	Bacteria	Cyanobacteria		Nostocales	Scytonemataceae	Scytonema	Scytonema hofmannii	
Chx_L227_5C_00179	gi|1248092472|ref|WP_096595697.1|	45.986	0.0	97	572	1954171	Calothrix sp. NIES-2098	ATP-binding protein [Calothrix sp. NIES-2098]	Bacteria	Cyanobacteria		Nostocales	Rivulariaceae	Calothrix	Calothrix sp. NIES-2098	
Chx_L227_5C_00179	gi|1222783374|ref|WP_090828662.1|	44.842	0.0	96	572	1233	Nitrosovibrio tenuis	ATP-binding protein [Nitrosovibrio tenuis]	Bacteria	Proteobacteria	Betaproteobacteria	Nitrosomonadales	Nitrosomonadaceae	Nitrosovibrio	Nitrosovibrio tenuis	
Chx_L227_5C_00182	gi|1740942466|ref|WP_149399965.1|	28.407	4.31e-50	85	201	2014874	Dictyobacter sp. Uno17	tetratricopeptide repeat protein [Dictyobacter sp. Uno17]	Bacteria	Chloroflexi	Ktedonobacteria	Ktedonobacterales	Dictyobacteraceae	Dictyobacter	Dictyobacter sp. Uno17	
Chx_L227_5C_00182	gi|1424138808|ref|WP_112427133.1|	29.313	2.91e-49	83	199	1825093	Thermogemmatispora tikiterensis	AAA family ATPase [Thermogemmatispora tikiterensis]	Bacteria	Chloroflexi	Ktedonobacteria	Thermogemmatisporales	Thermogemmatisporaceae	Thermogemmatispora	Thermogemmatispora tikiterensis	
Chx_L227_5C_00182	gi|1545432632|ref|WP_126582024.1|	27.900	2.48e-47	85	193	2014871	Tengunoibacter tsumagoiensis	tetratricopeptide repeat protein [Tengunoibacter tsumagoiensis]	Bacteria	Chloroflexi	Ktedonobacteria	Ktedonobacterales	Dictyobacteraceae	Tengunoibacter	Tengunoibacter tsumagoiensis	
Chx_L227_5C_00182	gi|1545500435|ref|WP_126601491.1|	27.233	3.14e-47	84	193	1936993	Dictyobacter aurantiacus	tetratricopeptide repeat protein [Dictyobacter aurantiacus]	Bacteria	Chloroflexi	Ktedonobacteria	Ktedonobacterales	Dictyobacteraceae	Dictyobacter	Dictyobacter aurantiacus	
Chx_L227_5C_00182	gi|1545537046|ref|WP_126631101.1|	27.407	4.10e-47	83	192	2014873	Dictyobacter alpinus	AAA family ATPase [Dictyobacter alpinus]	Bacteria	Chloroflexi	Ktedonobacteria	Ktedonobacterales	Dictyobacteraceae	Dictyobacter	Dictyobacter alpinus	
Chx_L227_5C_00183	gi|1225169197|ref|WP_093181550.1|	30.007	1.94e-92	67	350	1798213	Pseudovibrio sp. Tun.PSC04-5.I4	hypothetical protein [Pseudovibrio sp. Tun.PSC04-5.I4]	Bacteria	Proteobacteria	Alphaproteobacteria	Rhodobacterales	Rhodobacteraceae	Pseudovibrio	Pseudovibrio sp. Tun.PSC04-5.I4	
Chx_L227_5C_00183	gi|1225169197|ref|WP_093181550.1|	29.872	2.49e-86	67	330	1798213	Pseudovibrio sp. Tun.PSC04-5.I4	hypothetical protein [Pseudovibrio sp. Tun.PSC04-5.I4]	Bacteria	Proteobacteria	Alphaproteobacteria	Rhodobacterales	Rhodobacteraceae	Pseudovibrio	Pseudovibrio sp. Tun.PSC04-5.I4	
Chx_L227_5C_00183	gi|1225169197|ref|WP_093181550.1|	29.946	2.03e-74	58	291	1798213	Pseudovibrio sp. Tun.PSC04-5.I4	hypothetical protein [Pseudovibrio sp. Tun.PSC04-5.I4]	Bacteria	Proteobacteria	Alphaproteobacteria	Rhodobacterales	Rhodobacteraceae	Pseudovibrio	Pseudovibrio sp. Tun.PSC04-5.I4	
Chx_L227_5C_00183	gi|1225169197|ref|WP_093181550.1|	30.151	1.70e-69	53	275	1798213	Pseudovibrio sp. Tun.PSC04-5.I4	hypothetical protein [Pseudovibrio sp. Tun.PSC04-5.I4]	Bacteria	Proteobacteria	Alphaproteobacteria	Rhodobacterales	Rhodobacteraceae	Pseudovibrio	Pseudovibrio sp. Tun.PSC04-5.I4	
Chx_L227_5C_00183	gi|1225169197|ref|WP_093181550.1|	29.919	1.76e-65	55	261	1798213	Pseudovibrio sp. Tun.PSC04-5.I4	hypothetical protein [Pseudovibrio sp. Tun.PSC04-5.I4]	Bacteria	Proteobacteria	Alphaproteobacteria	Rhodobacterales	Rhodobacteraceae	Pseudovibrio	Pseudovibrio sp. Tun.PSC04-5.I4	
Chx_L227_5C_00183	gi|1225169197|ref|WP_093181550.1|	29.822	8.38e-43	44	186	1798213	Pseudovibrio sp. Tun.PSC04-5.I4	hypothetical protein [Pseudovibrio sp. Tun.PSC04-5.I4]	Bacteria	Proteobacteria	Alphaproteobacteria	Rhodobacterales	Rhodobacteraceae	Pseudovibrio	Pseudovibrio sp. Tun.PSC04-5.I4	
Chx_L227_5C_00183	gi|1225169197|ref|WP_093181550.1|	29.233	1.17e-25	37	130	1798213	Pseudovibrio sp. Tun.PSC04-5.I4	hypothetical protein [Pseudovibrio sp. Tun.PSC04-5.I4]	Bacteria	Proteobacteria	Alphaproteobacteria	Rhodobacterales	Rhodobacteraceae	Pseudovibrio	Pseudovibrio sp. Tun.PSC04-5.I4	
Chx_L227_5C_00183	gi|1225164662|ref|WP_093177074.1|	29.940	6.21e-92	67	349	1798213	Pseudovibrio sp. Tun.PSC04-5.I4	hypothetical protein [Pseudovibrio sp. Tun.PSC04-5.I4]	Bacteria	Proteobacteria	Alphaproteobacteria	Rhodobacterales	Rhodobacteraceae	Pseudovibrio	Pseudovibrio sp. Tun.PSC04-5.I4	
Chx_L227_5C_00183	gi|1225164662|ref|WP_093177074.1|	30.239	2.48e-91	67	347	1798213	Pseudovibrio sp. Tun.PSC04-5.I4	hypothetical protein [Pseudovibrio sp. Tun.PSC04-5.I4]	Bacteria	Proteobacteria	Alphaproteobacteria	Rhodobacterales	Rhodobacteraceae	Pseudovibrio	Pseudovibrio sp. Tun.PSC04-5.I4	
Chx_L227_5C_00183	gi|1225164662|ref|WP_093177074.1|	29.432	2.33e-90	67	343	1798213	Pseudovibrio sp. Tun.PSC04-5.I4	hypothetical protein [Pseudovibrio sp. Tun.PSC04-5.I4]	Bacteria	Proteobacteria	Alphaproteobacteria	Rhodobacterales	Rhodobacteraceae	Pseudovibrio	Pseudovibrio sp. Tun.PSC04-5.I4	
Chx_L227_5C_00183	gi|1225164662|ref|WP_093177074.1|	30.020	9.62e-90	67	342	1798213	Pseudovibrio sp. Tun.PSC04-5.I4	hypothetical protein [Pseudovibrio sp. Tun.PSC04-5.I4]	Bacteria	Proteobacteria	Alphaproteobacteria	Rhodobacterales	Rhodobacteraceae	Pseudovibrio	Pseudovibrio sp. Tun.PSC04-5.I4	
Chx_L227_5C_00183	gi|1225164662|ref|WP_093177074.1|	29.062	1.80e-85	67	328	1798213	Pseudovibrio sp. Tun.PSC04-5.I4	hypothetical protein [Pseudovibrio sp. Tun.PSC04-5.I4]	Bacteria	Proteobacteria	Alphaproteobacteria	Rhodobacterales	Rhodobacteraceae	Pseudovibrio	Pseudovibrio sp. Tun.PSC04-5.I4	
Chx_L227_5C_00183	gi|1225164662|ref|WP_093177074.1|	28.815	1.21e-83	67	322	1798213	Pseudovibrio sp. Tun.PSC04-5.I4	hypothetical protein [Pseudovibrio sp. Tun.PSC04-5.I4]	Bacteria	Proteobacteria	Alphaproteobacteria	Rhodobacterales	Rhodobacteraceae	Pseudovibrio	Pseudovibrio sp. Tun.PSC04-5.I4	
Chx_L227_5C_00183	gi|1225164662|ref|WP_093177074.1|	28.355	1.64e-76	66	298	1798213	Pseudovibrio sp. Tun.PSC04-5.I4	hypothetical protein [Pseudovibrio sp. Tun.PSC04-5.I4]	Bacteria	Proteobacteria	Alphaproteobacteria	Rhodobacterales	Rhodobacteraceae	Pseudovibrio	Pseudovibrio sp. Tun.PSC04-5.I4	
Chx_L227_5C_00183	gi|1225164662|ref|WP_093177074.1|	28.389	1.51e-72	63	285	1798213	Pseudovibrio sp. Tun.PSC04-5.I4	hypothetical protein [Pseudovibrio sp. Tun.PSC04-5.I4]	Bacteria	Proteobacteria	Alphaproteobacteria	Rhodobacterales	Rhodobacteraceae	Pseudovibrio	Pseudovibrio sp. Tun.PSC04-5.I4	
Chx_L227_5C_00183	gi|1225164662|ref|WP_093177074.1|	29.388	1.12e-70	62	279	1798213	Pseudovibrio sp. Tun.PSC04-5.I4	hypothetical protein [Pseudovibrio sp. Tun.PSC04-5.I4]	Bacteria	Proteobacteria	Alphaproteobacteria	Rhodobacterales	Rhodobacteraceae	Pseudovibrio	Pseudovibrio sp. Tun.PSC04-5.I4	
Chx_L227_5C_00183	gi|1225164653|ref|WP_093177068.1|	29.747	8.80e-57	47	233	1798213	Pseudovibrio sp. Tun.PSC04-5.I4	hypothetical protein [Pseudovibrio sp. Tun.PSC04-5.I4]	Bacteria	Proteobacteria	Alphaproteobacteria	Rhodobacterales	Rhodobacteraceae	Pseudovibrio	Pseudovibrio sp. Tun.PSC04-5.I4	
Chx_L227_5C_00183	gi|1225164653|ref|WP_093177068.1|	28.459	1.82e-55	59	228	1798213	Pseudovibrio sp. Tun.PSC04-5.I4	hypothetical protein [Pseudovibrio sp. Tun.PSC04-5.I4]	Bacteria	Proteobacteria	Alphaproteobacteria	Rhodobacterales	Rhodobacteraceae	Pseudovibrio	Pseudovibrio sp. Tun.PSC04-5.I4	
Chx_L227_5C_00183	gi|1225164653|ref|WP_093177068.1|	29.023	1.04e-51	47	216	1798213	Pseudovibrio sp. Tun.PSC04-5.I4	hypothetical protein [Pseudovibrio sp. Tun.PSC04-5.I4]	Bacteria	Proteobacteria	Alphaproteobacteria	Rhodobacterales	Rhodobacteraceae	Pseudovibrio	Pseudovibrio sp. Tun.PSC04-5.I4	
Chx_L227_5C_00183	gi|1225164653|ref|WP_093177068.1|	28.380	1.96e-48	55	205	1798213	Pseudovibrio sp. Tun.PSC04-5.I4	hypothetical protein [Pseudovibrio sp. Tun.PSC04-5.I4]	Bacteria	Proteobacteria	Alphaproteobacteria	Rhodobacterales	Rhodobacteraceae	Pseudovibrio	Pseudovibrio sp. Tun.PSC04-5.I4	
Chx_L227_5C_00183	gi|908573997|ref|WP_049756380.1|	30.223	1.32e-46	43	199	632	Yersinia pestis	inverse autotransporter beta-barrel domain-containing protein [Yersinia pestis]	Bacteria	Proteobacteria	Gammaproteobacteria	Enterobacterales	Yersiniaceae	Yersinia	Yersinia pestis	
Chx_L227_5C_00183	gi|908573997|ref|WP_049756380.1|	29.341	1.62e-42	48	185	632	Yersinia pestis	inverse autotransporter beta-barrel domain-containing protein [Yersinia pestis]	Bacteria	Proteobacteria	Gammaproteobacteria	Enterobacterales	Yersiniaceae	Yersinia	Yersinia pestis	
Chx_L227_5C_00183	gi|908573997|ref|WP_049756380.1|	29.549	9.74e-42	48	183	632	Yersinia pestis	inverse autotransporter beta-barrel domain-containing protein [Yersinia pestis]	Bacteria	Proteobacteria	Gammaproteobacteria	Enterobacterales	Yersiniaceae	Yersinia	Yersinia pestis	
Chx_L227_5C_00183	gi|908573997|ref|WP_049756380.1|	29.705	9.09e-39	43	173	632	Yersinia pestis	inverse autotransporter beta-barrel domain-containing protein [Yersinia pestis]	Bacteria	Proteobacteria	Gammaproteobacteria	Enterobacterales	Yersiniaceae	Yersinia	Yersinia pestis	
Chx_L227_5C_00183	gi|908573997|ref|WP_049756380.1|	29.207	5.16e-38	49	171	632	Yersinia pestis	inverse autotransporter beta-barrel domain-containing protein [Yersinia pestis]	Bacteria	Proteobacteria	Gammaproteobacteria	Enterobacterales	Yersiniaceae	Yersinia	Yersinia pestis	
Chx_L227_5C_00183	gi|908573997|ref|WP_049756380.1|	29.042	1.83e-33	46	155	632	Yersinia pestis	inverse autotransporter beta-barrel domain-containing protein [Yersinia pestis]	Bacteria	Proteobacteria	Gammaproteobacteria	Enterobacterales	Yersiniaceae	Yersinia	Yersinia pestis	
Chx_L227_5C_00183	gi|908573997|ref|WP_049756380.1|	29.924	1.33e-19	23	110	632	Yersinia pestis	inverse autotransporter beta-barrel domain-containing protein [Yersinia pestis]	Bacteria	Proteobacteria	Gammaproteobacteria	Enterobacterales	Yersiniaceae	Yersinia	Yersinia pestis	
Chx_L227_5C_00183	gi|1545108119|ref|WP_126287333.1|	28.902	1.67e-46	57	199	633	Yersinia pseudotuberculosis	hypothetical protein [Yersinia pseudotuberculosis]	Bacteria	Proteobacteria	Gammaproteobacteria	Enterobacterales	Yersiniaceae	Yersinia	Yersinia pseudotuberculosis	
Chx_L227_5C_00183	gi|1545108119|ref|WP_126287333.1|	29.048	1.05e-39	56	176	633	Yersinia pseudotuberculosis	hypothetical protein [Yersinia pseudotuberculosis]	Bacteria	Proteobacteria	Gammaproteobacteria	Enterobacterales	Yersiniaceae	Yersinia	Yersinia pseudotuberculosis	
Chx_L227_5C_00183	gi|1545108119|ref|WP_126287333.1|	29.742	2.50e-39	51	175	633	Yersinia pseudotuberculosis	hypothetical protein [Yersinia pseudotuberculosis]	Bacteria	Proteobacteria	Gammaproteobacteria	Enterobacterales	Yersiniaceae	Yersinia	Yersinia pseudotuberculosis	
Chx_L227_5C_00183	gi|1545108119|ref|WP_126287333.1|	29.372	5.78e-39	53	174	633	Yersinia pseudotuberculosis	hypothetical protein [Yersinia pseudotuberculosis]	Bacteria	Proteobacteria	Gammaproteobacteria	Enterobacterales	Yersiniaceae	Yersinia	Yersinia pseudotuberculosis	
Chx_L227_5C_00183	gi|1545108119|ref|WP_126287333.1|	28.621	1.81e-38	51	172	633	Yersinia pseudotuberculosis	hypothetical protein [Yersinia pseudotuberculosis]	Bacteria	Proteobacteria	Gammaproteobacteria	Enterobacterales	Yersiniaceae	Yersinia	Yersinia pseudotuberculosis	
Chx_L227_5C_00183	gi|1545108119|ref|WP_126287333.1|	28.681	2.18e-28	41	139	633	Yersinia pseudotuberculosis	hypothetical protein [Yersinia pseudotuberculosis]	Bacteria	Proteobacteria	Gammaproteobacteria	Enterobacterales	Yersiniaceae	Yersinia	Yersinia pseudotuberculosis	
Chx_L227_5C_00183	gi|1545108119|ref|WP_126287333.1|	30.593	4.25e-22	23	118	633	Yersinia pseudotuberculosis	hypothetical protein [Yersinia pseudotuberculosis]	Bacteria	Proteobacteria	Gammaproteobacteria	Enterobacterales	Yersiniaceae	Yersinia	Yersinia pseudotuberculosis	
Chx_L227_5C_00185	gi|1424145948|ref|WP_112434273.1|	60.345	6.45e-96	81	293	1825093	Thermogemmatispora tikiterensis	fumarylacetoacetate hydrolase family protein [Thermogemmatispora tikiterensis]	Bacteria	Chloroflexi	Ktedonobacteria	Thermogemmatisporales	Thermogemmatisporaceae	Thermogemmatispora	Thermogemmatispora tikiterensis	
Chx_L227_5C_00185	gi|1545535309|ref|WP_126629364.1|	60.345	8.08e-95	81	290	2014873	Dictyobacter alpinus	fumarylacetoacetate hydrolase family protein [Dictyobacter alpinus]	Bacteria	Chloroflexi	Ktedonobacteria	Ktedonobacterales	Dictyobacteraceae	Dictyobacter	Dictyobacter alpinus	
Chx_L227_5C_00185	gi|1175291227|ref|WP_081839022.1|	60.173	5.01e-94	81	290	1382306	Thermogemmatispora carboxidivorans	fumarylacetoacetate hydrolase family protein [Thermogemmatispora carboxidivorans]	Bacteria	Chloroflexi	Ktedonobacteria	Thermogemmatisporales	Thermogemmatisporaceae	Thermogemmatispora	Thermogemmatispora carboxidivorans	
Chx_L227_5C_00185	gi|1181358276|ref|WP_084659161.1|	59.740	1.10e-93	81	290	732234	Thermogemmatispora onikobensis	fumarylacetoacetate hydrolase family protein [Thermogemmatispora onikobensis]	Bacteria	Chloroflexi	Ktedonobacteria	Thermogemmatisporales	Thermogemmatisporaceae	Thermogemmatispora	Thermogemmatispora onikobensis	
Chx_L227_5C_00185	gi|1575444152|ref|WP_129891942.1|	58.547	1.15e-93	82	288	2509675	Ktedonobacterales bacterium SCAWS-G2	fumarylacetoacetate hydrolase family protein [Ktedonobacterales bacterium SCAWS-G2]	Bacteria	Chloroflexi	Ktedonobacteria	Ktedonobacterales			Ktedonobacterales bacterium SCAWS-G2	
Chx_L227_5C_00186	gi|554672690|ref|WP_023174255.1|	42.188	3.14e-77	82	254	1416614	Gloeobacter kilaueensis	alpha/beta hydrolase [Gloeobacter kilaueensis]	Bacteria	Cyanobacteria	Gloeobacteria	Gloeobacterales	Gloeobacteraceae	Gloeobacter	Gloeobacter kilaueensis	
Chx_L227_5C_00186	gi|1248052982|ref|WP_096557819.1|	42.059	2.34e-76	75	253	2005458	Nostoc sp. NIES-4103	alpha/beta hydrolase [Nostoc sp. NIES-4103]	Bacteria	Cyanobacteria		Nostocales	Nostocaceae	Nostoc	Nostoc sp. NIES-4103	
Chx_L227_5C_00186	gi|1248178465|ref|WP_096678313.1|	38.537	3.44e-75	88	250	1973475	Nostoc sp. NIES-2111	alpha/beta hydrolase [Nostoc sp. NIES-2111]	Bacteria	Cyanobacteria		Nostocales	Nostocaceae	Nostoc	Nostoc sp. NIES-2111	
Chx_L227_5C_00186	gi|499303481|ref|WP_010994256.1|	37.745	4.64e-75	89	249	1162	Nostocaceae	MULTISPECIES: alpha/beta hydrolase [Nostocaceae]	Bacteria	Cyanobacteria		Nostocales	Nostocaceae			
Chx_L227_5C_00186	gi|1056322890|ref|WP_067774500.1|	37.811	5.10e-75	88	249	1751286	Nostoc sp. NIES-3756	alpha/beta hydrolase [Nostoc sp. NIES-3756]	Bacteria	Cyanobacteria		Nostocales	Nostocaceae	Nostoc	Nostoc sp. NIES-3756	
