MAG	ORF	length_bp	Sequence	Gene	seed_eggNOG_ortholog	seed_ortholog_evalue	seed_ortholog_score	predicted_gene_name	GO_terms	KEGG_KO	BiGG_Reactions	Annotation_tax_scope	Matching_OGs	best_OG|evalue|score	categories	eggNOG_HMM_model_annotation	axis_labels
MAG729	MAG729_107_3	216	MAVEKTIGSSSLVEVIDRILDKGIVIDAWARVSLVGIELVAIEARVVIASVETYLKYAEAIGLTASAAVPA*	Gene0038657	449447.MAE_37580	5.2e-26	121.7	GVPA	GO:0005575,GO:0005622,GO:0005623,GO:0005737,GO:0031410,GO:0031411,GO:0031982,GO:0033172,GO:0043226,GO:0043228,GO:0043229,GO:0043232,GO:0044422,GO:0044424,GO:0044433,GO:0044444,GO:0044446,GO:0044464			bactNOG[38]	05MRC@bactNOG,0FNUK@cyaNOG,1257U@NOG	NA|NA|NA	S	Gas vesicles are small, hollow, gas filled protein structures that are found in several microbial planktonic microorganisms. They allow the positioning of the organism at the favorable depth for growth	GVPA (MAG729_107_3)
MAG729	MAG729_309_3	255	MAGLVAKTASDAVEFFEVQTDGWWMWVSGILRTTGDAIERICVNTWGVSSGGRVSTSSEVVRPVAARANSFRDKEIVSRFTKLG*														 (MAG729_309_3)
MAG729	MAG729_107_4	216	MAVEKTIGSSSLVEVIDRILDKGIVIDAWARVSLVGIELVAIEARVVIASVETYLKYAEAIGLTASAAVPA*	Gene0038657	449447.MAE_37580	5.2e-26	121.7	GVPA	GO:0005575,GO:0005622,GO:0005623,GO:0005737,GO:0031410,GO:0031411,GO:0031982,GO:0033172,GO:0043226,GO:0043228,GO:0043229,GO:0043232,GO:0044422,GO:0044424,GO:0044433,GO:0044444,GO:0044446,GO:0044464			bactNOG[38]	05MRC@bactNOG,0FNUK@cyaNOG,1257U@NOG	NA|NA|NA	S	Gas vesicles are small, hollow, gas filled protein structures that are found in several microbial planktonic microorganisms. They allow the positioning of the organism at the favorable depth for growth	GVPA (MAG729_107_4)
MAG319	MAG319_20_30	219	MAVEKTNSSSSLVEVIDRILDKGIVIDAWARVSLVGIELLAIEARVVIASVETYLKYAEAIGLTQTVAAPAA*	Gene0626160	449447.MAE_37580	2.8e-27	125.9	GVPA	GO:0005575,GO:0005622,GO:0005623,GO:0005737,GO:0031410,GO:0031411,GO:0031982,GO:0033172,GO:0043226,GO:0043228,GO:0043229,GO:0043232,GO:0044422,GO:0044424,GO:0044433,GO:0044444,GO:0044446,GO:0044464			bactNOG[38]	05MRC@bactNOG,0FNUK@cyaNOG,1257U@NOG	NA|NA|NA	S	Gas vesicles are small, hollow, gas filled protein structures that are found in several microbial planktonic microorganisms. They allow the positioning of the organism at the favorable depth for growth	GVPA (MAG319_20_30)
MAG319	MAG319_3_26	246	MAGMVARVASDAAEFFEVQTDGWWMWVSGVLRTTGDAIERICSNTWGVSSGGRVPQVERTVVASPGRFREKQIESRFTKLG*														 (MAG319_3_26)
MAG729	MAG729_107_5	1347	MTTDSESFNGWFSFQLHDQVSGLLANFGQVRAESSRNLHDTLSGDFKARVDEITGLLKDLGTKRAEETAALRAKLAEDHSNRAQETSDTLNQFSEDRANLRKQLNDDLLADHTRRINEIAGILGNFAGVRLASSQTLREFLSSNRAGRAEEVQKTLSGFQAQLEATSKQLRQELADGSTNRREAVEALLKATDEALKATAAARAEAANTLHSFLSEDSSNRSQAVGDFLKATATARAEATNALQSFLSGDASNRQQSVEEFLRNQGQQRHKTSREQEALRRQEAQQRANETRERLNGYSYQRRTGHAPSTQADTAKSTQEVSPPEKPDPAPVAPPVEPIIAVVEEVITTIVETVEPVETVEPVETAETIVETVRVKESNPPSAEKREKAAVELTELSIFSYLALHPDGLTVSELEQHFGASRSAINQRLKALVENGKVHKNDKNYLAI*	Gene0654608	313594.PI23P_02347	5.4e-12	77.8					bactNOG[38]	06QZ3@bactNOG,0YHG7@NOG	NA|NA|NA			 (MAG729_107_5)
MAG319	MAG319_11_44	477	MAVIYLGTLQHRSCRRLHDCSRLLAPASNRLYPPTRRLLQGGLPFSPPCLHKGFRLCCSACRCSYFSASLTTDPIWTVNDLVRSLLALKLSSPHDTPLFVARTFLWFAPATALLPTRYSQTNGSGAGTRTPTDRFKVCCPTIRRHPNIACSSQTIIAD*														 (MAG319_11_44)
MAG729	MAG729_91_5	327	MADDGVKIKVSEPDALDEPIEEFDNVGRVAGRALGGVGNLLGQVVRLQFGLVSLPLNLLPAKTRYHAKNSVREGFLAVKSLVDDVTNGIDNGLSRSLERDRLRSGVAE*														 (MAG729_91_5)
MAG729	MAG729_55_6	972	MGRLRRGLIILSSSVLTLLLVISMGISVFSHQANAAPVAQAATTTAMSDRNQQLLDNFSKALASRLNVDEATLNNALGQAVGDTTDQAVKDGYLNQTQATFIKEQTKNGFKGLLTQPKTAKMVAGLEQAKEMGQYLMPVVMSVSNTLNLSPMTLAAQLQADKSLAEIAQTQQVDLSKVKDAITSSIKTQLEAAVKAGKLTQEQADKANQTVGIWLDEAVTFHKSLAPAKGNTQDLAQCYTPVLNATATALNLTPAQLEEELRSGKSFGEVVKAQKADPQQIKATILSSSKTQLEVATKAGKLTSSQADKAYQTLGLWIDELFK*	Gene1529793	358681.BBR47_04960	1.2e-18	99.4					bactNOG[38]	04XPP@bacNOG,06HG5@bactNOG,0NRYI@firmNOG,0XZYP@NOG	NA|NA|NA			 (MAG729_55_6)
MAG729	MAG729_322_5	624	MNIAYFRKSNYPLQQTIENVLSKAEKQGWKMLGTAELPEQSGKMVLICRPQWMKVVLDENPDLLGFLPCSIAVFEKEGKVLVGTGQPAIIKALTQSRTIAALSSQVETELKELIHEAAGVGELKPSGVKLYSTHSCPYCNMEKSWLDSNKVTHQLVYVDDSQQEAEALVAKTGQMGVPVTEIQYEDADPEYIVGFDKVKLASILGVK*	Gene0038701	645512.GCWU000246_01467	8.900000000000002e-10	69.3			K03676		bactNOG[38]	07YE2@bactNOG,1C99K@synNOG,COG0695@NOG	NA|NA|NA	O	Glutaredoxin-like protein, YruB-family	 (MAG729_322_5)
MAG729	MAG729_899_1	1008	MEQLHQKRVVVIGSGPAGLTSAIYAGRAELDTTVIAGFQPGGQLTITSEVENYPGFAEGIQGPELMENMRRQAERFGAKFVDDNVTAVDFSGPVHKIFVEDQLYEADAVVIATGASALWLNVPGEQRLRGRGISGCATCDGFFFRGKEIAIVGGGDSALEEALYLTRFASKVTLLHRSAKLRASRIMQERVLNHPKIEVRYETTIEEALGENKLEALRLRNTRTSAGRGEISQFALEGLFVAIGHRPNTDLFKGWLEMNEQGYLIVEGETGTKIPGVFVAGDVFDYRYRQAITAAGSGCKAALDAEKYLEQLVERPIERQTVRLVLEQNDTLLAV*	Gene0809705	644966.Tmar_0111	1.8e-100	371.3	TRXB	GO:0000166,GO:0001666,GO:0003674,GO:0003824,GO:0003916,GO:0003918,GO:0004356,GO:0004791,GO:0005488,GO:0005575,GO:0005622,GO:0005623,GO:0005737,GO:0005829,GO:0006139,GO:0006152,GO:0006163,GO:0006195,GO:0006200,GO:0006220,GO:0006725,GO:0006753,GO:0006793,GO:0006796,GO:0006807,GO:0006950,GO:0008094,GO:0008150,GO:0008152,GO:0009056,GO:0009116,GO:0009117,GO:0009119,GO:0009123,GO:0009125,GO:0009126,GO:0009128,GO:0009141,GO:0009143,GO:0009144,GO:0009146,GO:0009150,GO:0009154,GO:0009158,GO:0009161,GO:0009164,GO:0009166,GO:0009167,GO:0009169,GO:0009199,GO:0009203,GO:0009205,GO:0009207,GO:0009259,GO:0009261,GO:0009607,GO:0009628,GO:0009987,GO:0015035,GO:0015036,GO:0016209,GO:0016211,GO:0016462,GO:0016491,GO:0016651,GO:0016667,GO:0016668,GO:0016787,GO:0016817,GO:0016818,GO:0016853,GO:0016874,GO:0016879,GO:0016880,GO:0016887,GO:0017111,GO:0019439,GO:0019637,GO:0019693,GO:0019725,GO:0034641,GO:0034655,GO:0036094,GO:0036293,GO:0040007,GO:0042278,GO:0042454,GO:0042592,GO:0042623,GO:0043167,GO:0043168,GO:0044237,GO:0044238,GO:0044248,GO:0044270,GO:0044281,GO:0044403,GO:0044419,GO:0044424,GO:0044444,GO:0044464,GO:0044699,GO:0044710,GO:0044763,GO:0045454,GO:0046034,GO:0046128,GO:0046130,GO:0046434,GO:0046483,GO:0046700,GO:0048037,GO:0050660,GO:0050661,GO:0050662,GO:0050789,GO:0050794,GO:0050896,GO:0051701,GO:0051704,GO:0051707,GO:0052173,GO:0052200,GO:0052564,GO:0052572,GO:0055086,GO:0055114,GO:0061505,GO:0065007,GO:0065008,GO:0070402,GO:0070482,GO:0071704,GO:0072521,GO:0072523,GO:0072527,GO:0075136,GO:0097159,GO:1901135,GO:1901136,GO:1901265,GO:1901292,GO:1901360,GO:1901361,GO:1901363,GO:1901564,GO:1901565,GO:1901575,GO:1901657,GO:1901658	K00384,K03671	TRDR	bactNOG[38]	05C3M@bactNOG,0EP4R@cloNOG,0NE5Z@firmNOG,COG0492@NOG	NA|NA|NA	O	Thioredoxin reductase	TRXB (MAG729_899_1)
MAG729	MAG729_322_6	237	MAFASFMASPAGRIVRIIAGLVLIGLGLVLVKDTTGWILAVVGLLPVAAGVFNFCLFAPLFGVPFGGNDLSKGQSRNR*	Gene0654652	309801.trd_0152	9.8e-18	94.4					bactNOG[38]	074MC@bactNOG,0ZAF9@NOG	NA|NA|NA	S	Protein of unknown function (DUF2892)	 (MAG729_322_6)
MAG729	MAG729_454_3	219	MRTTGKVKWFNDAKGYGFIERPGGEDVFVHFSAIQMDGFKTLTEGQEVEFDIENTDKGPQAVSVTRAQAAAV*	Gene1660755	313627.B14911_23137	2.5e-20	102.8	CSPA	GO:0005575,GO:0005622,GO:0005623,GO:0005737,GO:0044424,GO:0044464	K03704		bactNOG[38]	04WHT@bacNOG,05VEQ@bactNOG,0NNKU@firmNOG,COG1278@NOG	NA|NA|NA	K	Cold shock protein	CSPA (MAG729_454_3)
MAG319	MAG319_12_11	309	MADDIKIKVKDAEVDALEELDTEVGGSSGLFGVNVGKTVLNLVKLEYNLVTAPLALFPKKTRVLAKQTTVDFFQTIRSFVDRVTDDLEEIVVSSLEKDKAAE*														 (MAG319_12_11)
MAG729	MAG729_322_4	207	MIRVRNFWRYSISLVITWAIVLILAVKIRGIEKAQPFFFVFWGFCIGWVSTTIARYVYPPPKKWEAKQ*														 (MAG729_322_4)
MAG729	MAG729_322_7	357	MFNNFFGGATRELPYTDLTPQQADQKRKSSPQVRVIDVREPYEYSESHIPGSKLIPLGQISTRLNELGNKEQELIVVCRSGSRSSHAAQQLAGLGYKKISNLQGGMMGWLRAGLPTER*	Gene0534381	246194.CHY_0566	1e-18	98.2	PSPE		K03972		bactNOG[38]	08225@bactNOG,0EW5B@cloNOG,0P3A5@firmNOG,COG0607@NOG	NA|NA|NA	P	sulfurtransferase	PSPE (MAG729_322_7)
MAG729	MAG729_594_3	357	MFNNFFGGNSRELPYTEITPQQADQKRQSSEQVVVVDVREPYEYSEGHIPGSKLAPLGQLTQHLNELGTKEQELIVVCRSGGRSSQAARQLASLGYKKISNLSGGMMAWMRAGLPSER*	Gene0195819	621372.POTG_01351	1e-18	98.2					bactNOG[38]	04WKV@bacNOG,05PV6@bactNOG,0NNPH@firmNOG,COG0607@NOG	NA|NA|NA	P	domain protein	 (MAG729_594_3)
MAG729	MAG729_388_2	717	MLLSRSIQSKSFGLKAKFLLAVMALVFSFSSFAFFAPASVVDAAGVTFSVDKATVRLGEPILITGSGFLSGEKIAIWLSGPGGPKDVHDAGYLNAGPDGVFTSFPVGGGDTSANNITIGSGAGQWAVTVQGLNSGFTASATFEVLAPELALAGAHLSGTVYLVIYAGINWFPEERVSLWITAPDGSTAALEYTYADASGNIPDPTKIGFIFSGPVGIYGVTAQGAVSKHPVAVHFSIG*	Gene0534391	324602.Caur_3002	2.5e-08	64.7					bactNOG[38]	08GV7@bactNOG,0D3MR@chloNOG,0D783@chlorNOG,10ZIU@NOG	NA|NA|NA			 (MAG729_388_2)
MAG729	MAG729_7_6	297	MSDKFQAKYDEIKQVAGQFAAQKEEVEDILQKVTSSMRNLGDKWIGRGSEAFFEEMSDEVLPATHRLEQALEEGDRVSREIARLVKQAEQDSSAPFRA*	Gene0038619	316274.Haur_4519	7.200000000000001e-10	68.6					bactNOG[38]	07CQP@bactNOG,0Z77D@NOG	NA|NA|NA	S	Proteins of 100 residues with WXG	 (MAG729_7_6)
MAG729	MAG729_338_3	408	MDKIEYGFGKLLNLPYAEAVELTRAALKEQGFGILTEIDMKQTLKEKRGVDFPPYLILGACNPPLAHQALTAELEVGLLLPCNVIVYEQGEGSVVKILDPVLAMEVIGNPALAPIAHEAKERLQKALDSLPGVKA*	Gene1525540	525904.Tter_2724	5.9e-39	165.6	GALF_0861				bactNOG[38]	05N2T@bactNOG,COG3439@NOG	NA|NA|NA	S	Domain of unknown function DUF302	GALF_0861 (MAG729_338_3)
MAG729	MAG729_11_11	279	MAMTLNLRADRELWKYIFVHYPFSSSLHLSVLPDYNHVWAEQLYREDPELHPELLTPRHQRIIKAVARQGRVMGVQIKQPSAVKECELAVSR*														 (MAG729_11_11)
MAG729	MAG729_383_5	348	MTENWTETPTRMLDLVSDSYNSLLNTWLWSTQRVLEFNKVLTTQFEANQVDSRKYVEDISGKARQAIEILQEVYQEGLKTYSGNLTALRSASESSVAELNRKLEEIQQRFEASAH*														 (MAG729_383_5)
MAG729	MAG729_186_4	495	MPVKKYLPGLILGLLFIGAFAFGISSLSSNTGGTTTTTIKTSASPNTTVVGAPPTVRIEVAATATVIPISKAALASQGSTATSKPALASQGSTATSKPALASQGSTVTATPQEATPTAVPPVAIQEAAPTAVPEPVVQDPPVNNAPTGGRGHEENEHEGGNERD*														 (MAG729_186_4)
MAG729	MAG729_666_2	174	MLDFKKLFKKNNEKEEGQGLVEYALILFLVAVVVIAILVLLGPQIGSVFSAVSKGIS*														 (MAG729_666_2)
MAG729	MAG729_216_6	246	MANEIKDQAGTIGVGNLGNVVKQLVKLQIEVVSIPFSLLPTDSRRYALDAVRQAFKAVRSIVDDVSDTIDTTLQHNIDRAE*														 (MAG729_216_6)
MAG729	MAG729_471_3	228	MAKANKLTKKATALTKNATALDDAASKLRAKAEVLVAKAEVLNSKKKSGGKKGVLLLVLVLAGVGAVLARNFTKK*														 (MAG729_471_3)
MAG729	MAG729_505_1	747	MARLEGKVALITGAAGGIGLATAQRFAQEGAIVAVNDMNEAAGVKEVENICQAGGKAVFYLGNVSDAAFVKQMMKDVVEKYGRLDILINNAGVVRDAMSHKMTEEQWDTVIDIHLKGTWLCSRTAFEYMKPQLFGRIVNTSSTSSEGNIGQANYSAAKAGIIGLTKTLALEYARSNILVNAVAPGYINTPMTAGIPAQVQEAVVNRIPLKRKGNPEEIANLHLFLASDESSYITGQVIFIDGGATVGV*	Gene1660761	1048834.TC41_0198	9.799999999999999e-64	248.8			K00059,K03366		bactNOG[38]	04T90@bacNOG,05CHR@bactNOG,0NFIU@firmNOG,0XNW1@NOG	NA|NA|NA	I	Short-chain dehydrogenase reductase SDR	 (MAG729_505_1)
MAG729	MAG729_245_5	597	MQLDIRGKNVKVSEERRQLIEKKLGKLDRYLDSLGEATVELAAEHARKGGEGRLVVEMTVRTPAHGSLLRAEERDNDLGVALDRLSEKMQRQITRFKDRMVHHKGRPRVSEVAAQLQEAAEAKEVEIAPDVDTDAEEVLHLVKIKNFQVTAMYVDEAVEQMELLGHNFFIFQDTETEKISVAYLRNDGGYGLLRPELG*	Gene1648506	324602.Caur_1392	4.4999999999999996e-35	153.3			K05808		bactNOG[38]	07ZI3@bactNOG,0D2YT@chloNOG,0D7YY@chlorNOG,COG1544@NOG	NA|NA|NA	J	sigma 54 modulation protein ribosomal protein S30EA	 (MAG729_245_5)
MAG729	MAG729_240_2	288	MHDLAASVVADVLAQTTASAGITGQLKQLGAGLAIGLGAIGPGIGIGIAVRGALEAIGRNPETEGAVRNTMILGAALSEAVAIYALLIALLLIFV*	Gene0195771	525904.Tter_0068	6.3e-19	98.6	ATPE	GO:0005575,GO:0005623,GO:0005886,GO:0016020,GO:0044464,GO:0071944	K02110		bactNOG[38]	05VH4@bactNOG,COG0636@NOG	NA|NA|NA	C	F(1)F(0) ATP synthase produces ATP from ADP in the presence of a proton or sodium gradient. F-type ATPases consist of two structural domains, F(1) containing the extramembraneous catalytic core and F(0) containing the membrane proton channel, linked together by a central stalk and a peripheral stalk. During catalysis, ATP synthesis in the catalytic domain of F(1) is coupled via a rotary mechanism of the central stalk subunits to proton translocation (By similarity)	ATPE (MAG729_240_2)
MAG729	MAG729_322_8	555	MSEHENKKFTNVERLRSPERLGRLELERVIELCLAGEGDKLQKVLDVGTGSAVFAEAFANKGLEVTGVDENPEMLEAALRFVPQADLRQASAEALPFSEGEFDLVFLGMVLHEVDDPVKTLEEARRVAKTRVAVLEWPYREEEMGPPLAHRLKPETVAELARQAGLSRLETLPLSHLVLYRMEQ*	Gene0498693	693977.Deipr_1550	2.5e-40	170.6					bactNOG[38]	060FF@bactNOG,0G981@deiNOG,129AV@NOG	NA|NA|NA	S	methyltransferase, type 11	 (MAG729_322_8)
MAG729	MAG729_228_4	315	MKLETFSYLPQLSEAQIRGQVQYIIRQGYAPAVEYTDEPDAYNNYWTMWGLPMFEARDAAAVIFEVEACKRANPGSYVKVNGFDKTRQAQAISFVVYAPPADAD*	Gene0854724	78245.Xaut_1917	7.1e-24	115.2	CBBS		K01602		bactNOG[38]	01X31@aproNOG,08VFZ@bactNOG,17ASK@proNOG,COG4451@NOG	NA|NA|NA	C	Ribulose 1,5-bisphosphate carboxylase small subunit	CBBS (MAG729_228_4)
MAG729	MAG729_664_1	300	MYVGGLSYNTTETGLENLFAQAGTIDSVRIITDRETGRAKGFGFVEMSSDDGATRAISMFNGTDFDGRTITVNEARPQTDRPQRSGGYGNRGGGGGGRY*	Gene0195825	340101.Vvad_PD3308	6.8e-24	115.2	RBPA				bactNOG[38]	05VFU@bactNOG,COG0724@NOG	NA|NA|NA	S	Rna-binding protein	RBPA (MAG729_664_1)
MAG729	MAG729_66_11	174	MEEIIQLKVIELEESKETQKRVGEILELEVIEFEENRETESGELAFFRCTCSCTTCC*														 (MAG729_66_11)
MAG729	MAG729_186_5	411	MSINTSNSFNRLKSNKTKRVKPNHHKLTFLVVGVTALVFTLVSFLVGQNIASTTLANTDIPPVGSNQNPEPGVPPTSLPVVVAPRQTTVASGSNPSNAAAAKSVPPTATARPLPTATPRPVVQAPVARAKPRTRSS*														 (MAG729_186_5)
MAG729	MAG729_383_4	459	MTTQDKKGGLKNNNTNDQPDLGSKAFLTPYMLLMLRDLSLHGYQIWQRLMSMDLPGLNEHDRPAVYRILRQLEEDGKVASYWDTADKSGPARRVYSLTDTGKDFLGLWADGLDQYRRTLDFFFKMYTGGIVPSPFDFEKTSGGEKKDGAEGK*	Gene0195794	545693.BMQ_1227	1e-23	115.2		GO:0006082,GO:0006629,GO:0006631,GO:0006633,GO:0008150,GO:0008152,GO:0008610,GO:0009058,GO:0009987,GO:0016053,GO:0019752,GO:0032787,GO:0043436,GO:0044237,GO:0044238,GO:0044249,GO:0044255,GO:0044281,GO:0044283,GO:0044710,GO:0044711,GO:0046394,GO:0071704,GO:0072330,GO:1901576			bactNOG[38]	0541D@bacNOG,05Y3R@bactNOG,0NQ55@firmNOG,122W3@NOG	NA|NA|NA	K	Transcriptional regulator PadR-like family	 (MAG729_383_4)
MAG729	MAG729_7_8	333	MDDLILSLAHALLESLLSQITKQIQAIEEQAMQPIRAIISQVVGGIWKGQGADAFVEEVSSLVIPGVAQVSERITTTHRDLCNGRDIMNRADNEVSNLVRSNLSDKFKFY*														 (MAG729_7_8)
MAG729	MAG729_211_4	1122	MPQFLEGRAEQGRGQADWRCRYDDDWWLNTQVRALLGCPTAVPKLPLETEVEFRARPKGDDISECTVKVESLVEGVKKTLEISALITDLDEHTRESKGFGRIIVGDFIHPFEWRGTVKRETYVPDSSLNLTRSQTYIGGRLLHDVTARIALDTPIAREAWEQVRTVTARNSDVLTKTVFFGPLWRTADLTGQLYEDIQVKTLSASEGKTLSRVSFITSGTGQVDSITYWTRLFPISLLKGREAFVKGKYVTDASSIRVSVDAELPGLVERKDGLLKVIDHPQIPILHHGLVGQPIPLDLDFKLNLTTPNGWRIKEADPSYRKKIGKNDYLFQGGAYLSFVNTIARGNLAPFDVWFDRDEAGASLSPNAAIAVK*	Gene0008269	517418.Ctha_0710	4.599999999999999e-41	174.1	FMOA		K08944		bactNOG[38]	08M61@bactNOG,0CZ1G@chlNOG,10CX4@NOG	NA|NA|NA	S	bacteriochlorophyll A protein	FMOA (MAG729_211_4)
MAG729	MAG729_129_10	291	MEYLAKASKDGVSSACGQSPRRKTTMAVEKTIGSSSLVEVIDRILDKGIVIDAWVRISLVGIELIAIEARIVIASVETYLKYAEAIGLTASAAQPA*	Gene1853195	319225.Plut_0688	7.000000000000001e-26	121.7	GVPA	GO:0005575,GO:0005622,GO:0005623,GO:0005737,GO:0031410,GO:0031411,GO:0031982,GO:0033172,GO:0043226,GO:0043228,GO:0043229,GO:0043232,GO:0044422,GO:0044424,GO:0044433,GO:0044444,GO:0044446,GO:0044464			bactNOG[38]	05MRC@bactNOG,1257U@NOG	NA|NA|NA	S	Gas vesicles are small, hollow, gas filled protein structures that are found in several microbial planktonic microorganisms. They allow the positioning of the organism at the favorable depth for growth	GVPA (MAG729_129_10)
MAG729	MAG729_343_5	900	VKVNYPGGGSGQGRSDFLTGKTDFGGSDVQITADEAQKNNKNLADIIQIPWTLGAVVFTYNLPGVTELNISPDVAGAIYTGKITKWSDPKIKADNATATLPDTDIKFAVRTDSSGTSQIFTTYLSAVNADFKAAVGAAGQPKWEAAGIGVTAAPGNDGVAGLVKQTAGTLGYVELAYALQNNLSYANVKNPAGKFVKPSLESISAAAVTAKLDDNFQIDLINQAGDNAYPLSATSYGIFSKVYADKAKGEAIVGFLWYVLHKGQDDAKAANYAALPAAIVTKIEEQVKKITAGGAPVLK*	Gene1778663	562970.Btus_2864	6.699999999999997e-59	233.0	PSTS	GO:0003674,GO:0003824,GO:0005215,GO:0005575,GO:0005623,GO:0006139,GO:0006152,GO:0006163,GO:0006195,GO:0006200,GO:0006725,GO:0006753,GO:0006793,GO:0006796,GO:0006807,GO:0006810,GO:0006811,GO:0006817,GO:0006820,GO:0006950,GO:0006974,GO:0008150,GO:0008152,GO:0008509,GO:0009056,GO:0009116,GO:0009117,GO:0009119,GO:0009123,GO:0009125,GO:0009126,GO:0009128,GO:0009141,GO:0009143,GO:0009144,GO:0009146,GO:0009150,GO:0009154,GO:0009158,GO:0009161,GO:0009164,GO:0009166,GO:0009167,GO:0009169,GO:0009199,GO:0009203,GO:0009205,GO:0009207,GO:0009259,GO:0009261,GO:0009987,GO:0015075,GO:0015103,GO:0015114,GO:0015399,GO:0015405,GO:0015415,GO:0015698,GO:0016462,GO:0016787,GO:0016817,GO:0016818,GO:0016820,GO:0016887,GO:0017111,GO:0019439,GO:0019637,GO:0019693,GO:0022804,GO:0022857,GO:0022891,GO:0022892,GO:0033554,GO:0034220,GO:0034641,GO:0034655,GO:0035435,GO:0042278,GO:0042454,GO:0042597,GO:0042623,GO:0042625,GO:0042626,GO:0043225,GO:0043492,GO:0044237,GO:0044238,GO:0044248,GO:0044270,GO:0044281,GO:0044464,GO:0044699,GO:0044710,GO:0044763,GO:0044765,GO:0046034,GO:0046128,GO:0046130,GO:0046434,GO:0046483,GO:0046700,GO:0050896,GO:0051179,GO:0051234,GO:0051716,GO:0055085,GO:0055086,GO:0071704,GO:0072521,GO:0072523,GO:1901135,GO:1901136,GO:1901292,GO:1901360,GO:1901361,GO:1901564,GO:1901565,GO:1901575,GO:1901657,GO:1901658	K02040	FEENTERtex,PIabc,PIuabcpp	bactNOG[38]	07QMV@bactNOG,0P3ZG@firmNOG,COG0226@NOG	NA|NA|NA	P	phosphate ABC transporter substrate-binding protein	PSTS (MAG729_343_5)
MAG729	MAG729_230_4	453	MADATEILVANSFHLDWGQDKIGAISEVSGIEDESDVVELVQVAKDGKVVVCKGLGANPLKTGKLTVKYGAFKDDPLRKWRETIVSGKVERKDVTLHIYTAANKGDIELTFKRAWPSKYAWSSFTAKGNDAVMVTVTLEHEGMSIKGYNG*	Gene0545600	134676.ACPL_2221	9e-12	75.5					bactNOG[38]	00HMQ@actNOG,08RA6@bactNOG,11FQZ@NOG	NA|NA|NA	S	phage Tail Protein	 (MAG729_230_4)
MAG729	MAG729_309_2	1209	MRILIFTGKGGVGKTSVAAATAVKAASQGYKTLIMSTDPAHSLADSFDREDFLGPEPKEIAPNLDALEIDIYADLRQNWENVRVHFASLLNSQGVNGVVADEIAVLPGMDELFSLVRIKRYYKSQAYDLLIVDCAPTGETLRLLSLPETLSWGIKLFRNAEKFLVKPVLRPLSKVTPLSKMVAPEDVYVSIDSMFGELDGLSAILGDTKVTSVRLVMNPEKMVIKESQRALTYLGMYGMMVDTVVVNRILPVDKDTGYMNRWKSIQQKHLHEIADSFNPLPIRHVPFYPQEVVGLELLKQMADDIYGVEDATKFMFTERPYEIRKVGAGYEVRMRLPFANEDTLDLWHKGDELIVQVGNQRRIVTLPTAVAGMETGQADFDGQWLIIPFTTSGKTASVAGAH*	Gene0699837	324602.Caur_0125	9.399999999999996e-141	505.4			K01551		bactNOG[38]	05D0U@bactNOG,0D4CE@chloNOG,0D70G@chlorNOG,COG0003@NOG	NA|NA|NA	P	Arsenite-activated ATPase ArsA	 (MAG729_309_2)
MAG729	MAG729_88_3	1011	MAKPKTGVGKLLGLQKLSNDQGIITVTALDHRGSLKKSLQTAMPDTKIGYDEVVVEKMRMTRIFSPHSSAILLDPVYGAGQAITTRSLSGNAGLLIAVEESGYDGNDEGRITPITKGWSVAKIKAMGAIAVKLLLYYHPDSPVARQQEELVLKIAEDCRQSDIAFLLEPLCYPVVAGQKKEDPAFSVTKPEVVIESARRLSGLGIDLLKAEFPDDPHFEKDEAKMREHCRQITEISPVPWVILSAAENFGTFQRLVEIACEEGASGFMVGRAIWQEAMTLATAEERENYLVTTSLSRLGILNAIANYRGTPWFNKYPALELEEGWHESYLEEAAEA*	Gene1648469	552811.Dehly_1218	1.9999999999999996e-67	261.5	LACD		K01635,K01671	TGBPA	bactNOG[38]	05D2M@bactNOG,0D2IZ@chloNOG,0G6WJ@dehNOG,COG3684@NOG	NA|NA|NA	G	tagatose 1,6-diphosphate	LACD (MAG729_88_3)
MAG729	MAG729_360_3	375	MSHEENKSIANAGAQWLELANEVYRTYVKSLASGQERAMELSKFLIGQAETFQNEGKVIVEDYAKQVQQAQQLLQSVVQGNLKSSTDLVNQYRQTSETTIAEINARLEALQTRITKAVLPNTKD*														 (MAG729_360_3)
MAG729	MAG729_7_9	297	MADEVFMNVPDVRNVAKTFKTIGEFLETVIKVMEGIIMALKAVAFMGLVGAYAVAQYLQQIKPEIKKMADKCVELSGDLNTSVDAFERGDQLGATRFY*														 (MAG729_7_9)
MAG729	MAG729_228_3	921	MDALLLENEKAMRKEADMVVDLPHAFRDRQIHRILEDFDTQMIGLEAVKTRLKEVAAFLLVDRLRQQVGLNSERPVLHMSFTGKPGTGKTTVALKMASILYQLGYIRRDHVVVVTRDDLVGQYIGHTAPKTKEVLKKAMGGVLFIDEAYYLYRKENERDYGQETIEVLLQVMENQREDIVIVLAGYKDRMEDFFHSNPGVRSRIAHHIDFPDYNLSELMQIARLMLEKQMYFFEDGSAGRFEQVLEQHLGDVHFANARTVRNLIDLSKLRHANRLFKANVPVTKEALARIAPDDISDDGLADDSVD*	Gene0155057	765420.OSCT_2524	7.499999999999995e-98	362.5	CBBX				bactNOG[38]	06F1P@bactNOG,0D4UX@chloNOG,COG0464@NOG	NA|NA|NA	O	ATPase family associated with various cellular activities (AAA)	CBBX (MAG729_228_3)
MAG319	MAG319_60_6	1281	MFKRTKSLNPKFLVALALTMLLALVLVACGDNTATTVPATTAAATTTKAATTAAGTTAAAATTAAGTTAAATTAAAATTTAAGTAAASVTPPGGYKVTASVTLTGSGATFPDPTYQQWLKDFVAVNPSVKLTYTGVGSGAGRKSFFAGETDFAGSDGYPTDAEIADYKKPILTIPMTLGAVVLAYNLDGVTTLKLSPETIGAIYTGKVTKWNDAKIAAENAGVTLPALDITLAVRQDDSGTSSVFSNWLAEVSPDFKALNAAGSTPKWEAAGLNPVKAPKNDGVTGLIKQTKGTLGYIESSYAQANNIPYALIKNPAGNYVNASVEAISAAALGGSVPANLKLKVTQSADAKAYPIASTTWIIIPVEIATKDKADALLRFLWWATQDSAPIEAAKKLGYAPLPTAVQDKVRATLLTVTSGGTPVLK*	Gene1770816	65393.PCC7424_0541	3.7e-55	221.1	PSTS		K02040	PIuabcpp	bactNOG[38]	07QJG@bactNOG,0FJ9I@cyaNOG,COG0226@NOG	NA|NA|NA	P	Phosphate-binding protein	PSTS (MAG319_60_6)
MAG729	MAG729_101_6	195	MSGKCDVCGKTPGFGHNVSHSNRKTNRMWMPNIQHKTMLLKGETKPRKVYICTQCLRTLIKDRV*	Gene1507795	765420.OSCT_2752	1.3e-15	87.0	RPMB		K02902		bactNOG[38]	085ZV@bactNOG,0D3AJ@chloNOG,0D8NY@chlorNOG,COG0227@NOG	NA|NA|NA	J	50S ribosomal protein L28	RPMB (MAG729_101_6)
MAG729	MAG729_277_2	243	MATDTTDAPNVVQQLIGINDNVVRAAEGIVSKVSPPLARTLVEVDGTFKKLYVGLIKGYFGLVKGVLNNVLRSPSGPTEG*														 (MAG729_277_2)
MAG729	MAG729_80_4	243	MAGEQDIYNKLKEIIIDQLAVDPDEVNIDASFIDDLNADSLDLVELIMEIEEKFGIEVPDGAAEKIKTVGDAVNYIQEQQ*	Gene1097111	1051632.TPY_1218	4.3e-21	105.5	ACPP	GO:0005575,GO:0005576,GO:0005622,GO:0005623,GO:0005737,GO:0044424,GO:0044464	K02078	ACOATA,MCOATA	bactNOG[38]	05VNB@bactNOG,0EVAU@cloNOG,0NNHP@firmNOG,COG0236@NOG	NA|NA|NA	I	Carrier of the growing fatty acid chain in fatty acid biosynthesis (By similarity)	ACPP (MAG729_80_4)
MAG319	MAG319_59_14	309	MSNKLYVGGLSYNTTEGSLENLFAQAGAIDSVRIIIDRETGRAKGFGFVEMSDAEGAARAISMFNGTDFEGRNITVNEARPQTERPQRSSGGYGNRGGGGRY*	Gene0627169	330214.NIDE3327	2e-23	113.6	RBPA				bactNOG[38]	05VFU@bactNOG,COG0724@NOG	NA|NA|NA	S	Rna-binding protein	RBPA (MAG319_59_14)
MAG729	MAG729_30_14	417	MDPKFTNYRMGEPGLEAAYPADRNVPDYAPPAPPVRPQQHELQPGEVEVLKVSGKSRPSSVAGAIAGVVRQAGRVEIQAIGAGATNQAIKAVAIARGYLISSGIDIVCIPAFIDVTIDDEERTAIKLLVERRPGYGVQ*	Gene0019266	326427.Cagg_3712	2e-29	134.0			K06416		bactNOG[38]	05MCT@bactNOG,0D2RW@chloNOG,0D6PV@chlorNOG,COG2359@NOG	NA|NA|NA	S	stage V sporulation protein S	 (MAG729_30_14)
MAG729	MAG729_7_7	297	MSEDIIKLEYDAAEDMARTFDQGANRLQTVLQEVQKIAKTLEDGALLGRGGESFVEAINGNFTTSLTKLIEKYEELKGDVEAAINYMKEADAKSQGLF*														 (MAG729_7_7)
MAG729	MAG729_30_15	834	MTDGDRPPALLKVLMVGEVYGKLGRKVISVLLPQLRQQKQLDLVIANGESAAGGFGLTSSTAEELLRNGVDVITSGNRLFDQREMVDWLKNNPDAPILRPLNYPPGTPGRASLIVETDKGPVEVLNLNGRVYFNEMDSPFRVVDNWLEGRTNTMPRLVDFHAEATSEKVVLGWYLDGRVSAVLGTHTRTPTGDARLLKHGTAHVSDVGMVGSYNTVIGMEVEVALKPFTSHTFVRPKQNRRADGPLVFNSVLVEIDPENGRAVTISRLDLMLEDESM*	Gene0038631	443143.GM18_0868	1.1e-60	238.8	YMDB		K09769		bactNOG[38]	05D48@bactNOG,0GBVR@delNOG,0HCS5@dproNOG,16Q0Z@proNOG,COG1692@NOG	NA|NA|NA	S	Metallophosphoesterase	YMDB (MAG729_30_15)
MAG729	MAG729_211_5	1788	MSITLQPGARPLINRPALNKAAELHVPGYRWYQLFAFPRTEDQIFGGHLIVAGAIGSMVAFNIGSGLTFPGNYFFLTIEPQLYNLGIDTKEKLLTYTLIHIISSLGLIFFGWWHYRNKVLQAAASSYAKAWGGHLVYIAWWCFAWVLWSTLVMQRGPKFGTDGWIWAAAGAQDLTFNGDALLLCLSVILLVTGLVTWRKPPTFNRHLEDPKAQLHVNLVVFGWTGMLFSAFAWFTFPRGSNAAAGQWSDVALNLYVWNHINCSFLYIIGGVFHGAQYLWDVREDDSKNPWVVSRWVRWFDSQDRQASITSTIFLLAFFTGFSAWSVMGINSMVDFKLFPQEWYIDGLRPYVMEWLTPGLLHVWPGYKTSVSDWVFIHALVAGFFFVGIPVTRSVFFTRRSPLFDAKGITKRSFDYPCLGPAYGGTCGYSIQDQIWLAMLWGIKPLSVIVWYMMGVYFGSLQFAINPKDPSGDTSFPGRPGALFFIFQATSKIWNDGHLTMILYLGHLVWLLSFMFWFEYRGSRLEGAYILSQALKRWFGINMVPERFVMTLVGSRMLGTFLYYGGVFMCVFTYLSVGFAWRPNILAPVVAPLGGP*	Gene1888186	290512.Paes_0274	4.4e-78	297.7			K08940		bactNOG[38]	06ANQ@bactNOG,0CZAR@chlNOG,0XRGJ@NOG	NA|NA|NA	S	photosystem P840 reaction center large subunit	 (MAG729_211_5)
MAG729	MAG729_338_4	702	MTKILVVDDENNLVELVESYLQQEGFEVFTASNGLTALELARANKPDLVVLDLMLPGLDGIEVCRQLRQFSDAYVIMLTAKTEEVDKSVGLSVGADDYLTKPFSPRELVARVKAMLRRPRSGLAANQEPDIPPPLCFGELVIDEARHEVSLKGEVLSLTAREFALLSTLASHPGRVFTRAQLLERVWGQDYYDDHVVDVHIANLRKKLEANSQTTRFIETVRGVGYRFEAKPI*	Gene0920476	324602.Caur_2434	6.799999999999999e-67	259.2			K07775		bactNOG[38]	05DPZ@bactNOG,0D4CY@chloNOG,COG0745@NOG	NA|NA|NA	T	Two component transcriptional regulator, winged helix family	 (MAG729_338_4)
MAG729	MAG729_389_6	153	MITLAAALAAIAAAVAAAKAIERQQRAEEEARVKIPVRADEPRVERRDRN*														 (MAG729_389_6)
MAG729	MAG729_211_6	678	MAFQRFRFNSRRNKIATSVLGLPETQAVYFSVWLAGILIGVVLMIILVGLIGNGVDTPRTQQTARENQGDIVAPIQLVYRDAQGNLATAQQAGFSNGVVAQVDSWERAAAQGDKVAQAELQAARGRGQANFNRICIGCHYGAPQASSSGPYLGNLYQTKTVFNGKPLNDANVVTFILLGSQSHNLVADGQHVLVNGSGGFMPMPSGIATPQQAVDIMLYLKQQTS*														 (MAG729_211_6)
MAG729	MAG729_240_3	585	MELMGVAFAIVSGPTLAAEASGGISELGVSWSSLLWQIAGFLILLFILSKYAYKPFLKAIDERRARAQEIVDKSDQIKKEALDSEQRTREIISNAQREAQSIIATANTRQQQILEETAAKKRQVEEQEIAKARAQIAAERDQAIQQLRREFSDLAVLAASRIVRRELTTNPKLQSELINEVLGAQSQPKKAGGR*	Gene0008275	525904.Tter_0067	4.9000000000000005e-26	123.2	ATPF	GO:0005575,GO:0005623,GO:0005886,GO:0016020,GO:0044464,GO:0071944	K02109		bactNOG[38]	08KJP@bactNOG,COG0711@NOG	NA|NA|NA	C	F(1)F(0) ATP synthase produces ATP from ADP in the presence of a proton or sodium gradient. F-type ATPases consist of two structural domains, F(1) containing the extramembraneous catalytic core and F(0) containing the membrane proton channel, linked together by a central stalk and a peripheral stalk. During catalysis, ATP synthesis in the catalytic domain of F(1) is coupled via a rotary mechanism of the central stalk subunits to proton translocation (By similarity)	ATPF (MAG729_240_3)
MAG729	MAG729_216_2	414	MTTPLMDEIIQEAVDNRVWALVGASTNPDKYGNIILHNLTNAGYKVYPINPRAQEIDGIPCYPNLSALPEKPSVVDFVIPAKLSLPFLEEAARLGIAVVWFQPGAESPENIGKAQFLGLKVIYHACAMVAKSRRNWQ*	Gene1083456	580331.Thit_0997	1e-30	138.3			K06929		bactNOG[38]	082Z5@bactNOG,0EUAZ@cloNOG,0P3DG@firmNOG,COG1832@NOG	NA|NA|NA	S	CoA-binding domain protein	 (MAG729_216_2)
MAG729	MAG729_31_7	189	MLKNPVFAALGLIFALATLALFALSLLPDWDSTFRPLGIFTLIFGGIFLLLGFNSRSEKNLF*														 (MAG729_31_7)
MAG729	MAG729_322_9	453	MGSDQQAAREMVKRSGQMGVPVTILADQVIVGFNQPALRNAIALLRSSQTSSPTLKLGAQVAEAERILSQQNKPIRTGVVLGRVRPDSLAARAGLQEGDIIIRLNGKAIHNIDNLLTGLQAVVSLKVENPDLAFWRDDREIEGHLPVQFS*	Gene1044687	552811.Dehly_0241	1.7e-10	71.2			K03676		bactNOG[38]	07YE2@bactNOG,0D3GZ@chloNOG,COG0695@NOG	NA|NA|NA	O	Glutaredoxin	 (MAG729_322_9)
MAG729	MAG729_164_3	177	MIDEKEDQRNLQRYLLLALFAVTILILSFLIFANLYQDTFFNFTSPGQHPLNQWPRYR*														 (MAG729_164_3)
MAG319	MAG319_34_1	225	MRTTGKVKWFNDAKGYGFIERPGLEDVFVHFSAIQMEGFKTLTEGQEVEFDIENSGKGPQAVSVSLPSRQTQLT*	Gene1770797	313627.B14911_23137	8.4e-19	97.8	CSPA	GO:0005575,GO:0005622,GO:0005623,GO:0005737,GO:0044424,GO:0044464	K03704		bactNOG[38]	04WHT@bacNOG,05VEQ@bactNOG,0NNKU@firmNOG,COG1278@NOG	NA|NA|NA	K	Cold shock protein	CSPA (MAG319_34_1)
MAG729	MAG729_429_1	1635	MAKQLQTADEARQSLKRGVDILANAVKTTLGPKGRNVALDKKFGAPTVTHDGVTVAKEIELKDPFENMGAQLLKEAATKTNDIAGDGTTTATVLAQAIVHEGLRNVAAGANPMLLKRGIDLGVAAVVEALKAQSTEVSTKDQIAQVASISAADQEIGDLIAEVMEKVGKDGVITVEEGRGREYEKEYTEGMQIDRGYISSYFVTNTERMEAVLEDPLILITDKKISAISDILPVLEKALAVTKNFVIIAEDVDGEALATLVVNKLRGTLNVLAVKAPGFGDRRKEMLRDIAILTGGQVISEEIGRKLDSGTVQDLGRARRVVSDKDNTTIIEGRGDEKAIKSRVDQIRLQIETTTSDFDREKLQERLAKLAGGVAVIRVGAATETELKEKKHRVEDALSATRAAVEEGFVPGGGIALLNAISALDSVKSEGDIATGVNILRRALQEPIRQIAANAGQDGSVVYQNVLRYESEGKTNVGYDVIKGDYVDMVEAGIIEAVKVTRSAVENAGSVAGMILTTEALVTDLPEEKSSGSGGGMPGGGMDY*	Gene1619190	479434.Sthe_0845	4.699999999999998e-236	822.4	GROL	GO:0000003,GO:0000166,GO:0001666,GO:0001882,GO:0001883,GO:0003674,GO:0003824,GO:0005488,GO:0005515,GO:0005524,GO:0005575,GO:0005618,GO:0005622,GO:0005623,GO:0005737,GO:0005829,GO:0005886,GO:0006139,GO:0006152,GO:0006163,GO:0006195,GO:0006200,GO:0006457,GO:0006725,GO:0006753,GO:0006793,GO:0006796,GO:0006807,GO:0006950,GO:0008150,GO:0008152,GO:0009056,GO:0009116,GO:0009117,GO:0009119,GO:0009123,GO:0009125,GO:0009126,GO:0009128,GO:0009141,GO:0009143,GO:0009144,GO:0009146,GO:0009150,GO:0009154,GO:0009158,GO:0009161,GO:0009164,GO:0009166,GO:0009167,GO:0009169,GO:0009199,GO:0009203,GO:0009205,GO:0009207,GO:0009259,GO:0009261,GO:0009266,GO:0009279,GO:0009408,GO:0009628,GO:0009987,GO:0016020,GO:0016032,GO:0016043,GO:0016462,GO:0016787,GO:0016817,GO:0016818,GO:0016887,GO:0017076,GO:0017111,GO:0019058,GO:0019067,GO:0019068,GO:0019439,GO:0019538,GO:0019637,GO:0019693,GO:0019867,GO:0022607,GO:0022610,GO:0030312,GO:0030313,GO:0030554,GO:0031975,GO:0032549,GO:0032550,GO:0032553,GO:0032555,GO:0032559,GO:0034641,GO:0034655,GO:0035639,GO:0036094,GO:0036293,GO:0040007,GO:0042278,GO:0042454,GO:0043167,GO:0043168,GO:0043170,GO:0044085,GO:0044237,GO:0044238,GO:0044248,GO:0044260,GO:0044267,GO:0044270,GO:0044281,GO:0044403,GO:0044406,GO:0044419,GO:0044424,GO:0044444,GO:0044462,GO:0044464,GO:0044710,GO:0044764,GO:0046034,GO:0046128,GO:0046130,GO:0046434,GO:0046483,GO:0046700,GO:0048610,GO:0050896,GO:0051082,GO:0051701,GO:0051704,GO:0051825,GO:0055086,GO:0070482,GO:0071704,GO:0071840,GO:0071944,GO:0072521,GO:0072523,GO:0097159,GO:1901135,GO:1901136,GO:1901265,GO:1901292,GO:1901360,GO:1901361,GO:1901363,GO:1901564,GO:1901565,GO:1901575,GO:1901657,GO:1901658	K04077		bactNOG[38]	05CJ9@bactNOG,0D1CP@chloNOG,COG0459@NOG	NA|NA|NA	O	Prevents misfolding and promotes the refolding and proper assembly of unfolded polypeptides generated under stress conditions (By similarity)	GROL (MAG729_429_1)
MAG319	MAG319_21_13	174	MLDFKKLFRKQTEEKEGQGLVEYALILFLVAVVVIAILVFLGPQIGNVFSSVTKNLS*														 (MAG319_21_13)
MAG729	MAG729_228_2	1461	MAEAKSTDVKNQLFSAGVREYRTMGYYNTNYVPKDTDVLAAFRVTPQAGVPWEEAAAAVAGESSTATWTVVWTDKLTNLERYQAKCYRIEPVPGVDDQFIAYIAYDLALFEEGSIANLTSSIVGNVFGFKPLKALRLEDMRIPSHYARTFQGSPHGILVERDLLNKYGRPLLGATVKPKLGLSGKNYGRVVYEGLRGGLDFTKDDENTNSQPFQRWRERFLYCQDATSKAEAETNEQKGHYLNVTGPTMEEIYKRADFAKEIGAKVVMSDFLTIGWSAHTSLSIWCRENGMLLHCHRAMHAVMDRQKNHGINFRVLAKWLRLAGGDHLHTGTVFGKLEGDRNQVTGVADLLRLDKIPQDPTRGLYFDQEWGDLPTVLPVASGGIHVGHVARLLDLYGDDVILQFGGGTFGHPLGVAAGATANRVAVEAMVQARNEGRDYLGEDKQILAEAAKHSPELRAAIDVWKDIEFNYTSTDTVDVVASPTNA*	Gene1226186	197221.tll1506	3.799999999999997e-189	666.4	CBBL		K01601	RBCh,RBPC	bactNOG[38]	05DT1@bactNOG,0FJQX@cyaNOG,COG1850@NOG	NA|NA|NA	G	RuBisCO catalyzes two reactions the carboxylation of D- ribulose 1,5-bisphosphate, the primary event in carbon dioxide fixation, as well as the oxidative fragmentation of the pentose substrate in the photorespiration process. Both reactions occur simultaneously and in competition at the same active site (By similarity)	CBBL (MAG729_228_2)
MAG729	MAG729_416_2	423	MALTKDSKTFENLKEAFAGESQANRRYLYFARAADIEGEPDVATLFRAVADGETGHAFGHFDFLKEVGDPVTGEPVGESVANLKSAIAGETYEYSEMYPGFAKTAREEGYPEIAEWLETLARAEKSHAGRFTKGLAKLEA*	Gene0654666	1051632.TPY_0939	4.199999999999998e-56	222.6	RBR	GO:0000302,GO:0000303,GO:0003674,GO:0003824,GO:0004601,GO:0004784,GO:0005488,GO:0005506,GO:0005575,GO:0005622,GO:0005623,GO:0005737,GO:0006801,GO:0006950,GO:0006979,GO:0008150,GO:0008152,GO:0009055,GO:0009987,GO:0010035,GO:0016209,GO:0016491,GO:0016684,GO:0016692,GO:0016721,GO:0019430,GO:0033554,GO:0034599,GO:0034614,GO:0042221,GO:0043167,GO:0043169,GO:0044237,GO:0044424,GO:0044464,GO:0044699,GO:0044710,GO:0044763,GO:0046872,GO:0046914,GO:0050896,GO:0051716,GO:0055114,GO:0070887,GO:0071451,GO:0072593,GO:1901700,GO:1901701			bactNOG[38]	08RAC@bactNOG,0ERT5@cloNOG,0NHDZ@firmNOG,COG1592@NOG	NA|NA|NA	C	Rubrerythrin	RBR (MAG729_416_2)
MAG729	MAG729_186_6	858	MNKNKRADLLENPLFKNRYRVLAVPAQAQQDNPVAKGTRHTIANLVIAAILFVVFLVGFSLADPSAAQALNDLVTQRWDSLMQRLFGPTLGPGLAEKSPWILARAGGIIGYLLLFFSVCLGLFSSMRMLNRFIHPAGMIHLHKIISLLVLVFTVFHVGGLMLDTYLRVTLFEAMVPFTTSYRPLWTGLGTIGVYMIVSIVISFYMAGRLGFKVWRTIHYLSFVMFVVTFVHGFTAGTDSTSSWMQLIYMATGFVVTFLVGIRIFNRPGRATVRRKATNRTVESGS*	Gene1601923	765420.OSCT_1105	1.1999999999999999e-28	132.5			K17247		bactNOG[38]	05VB0@bactNOG,0D22P@chloNOG,0D6D3@chlorNOG,121HV@NOG	NA|NA|NA	S	Inherit from bactNOG: Ferric reductase domain protein protein transmembrane component domain protein	 (MAG729_186_6)
MAG729	MAG729_13_8	483	MPTINQLVRKGRQRTIKKTKAPALRFVLNSLKGRTTRGSGSPQKRGVCTQVRTMTPKKPNSALRKIARVRLSNGMEVTAYIPGEGHNLQEHSVVLIRGGRVKDLPGVRYHIVRGALDTQGVKDRKKARSKYGTKVAKGKGAKGAVAGKGAPAKGTPAKKK*	Gene0887371	326427.Cagg_3030	2.7e-62	243.4	RPSL	GO:0000372,GO:0000375,GO:0000376,GO:0003674,GO:0003676,GO:0003723,GO:0003735,GO:0005198,GO:0005488,GO:0005575,GO:0005622,GO:0005623,GO:0005737,GO:0005829,GO:0005840,GO:0006139,GO:0006396,GO:0006412,GO:0006725,GO:0006807,GO:0008150,GO:0008152,GO:0008380,GO:0009058,GO:0009059,GO:0009893,GO:0009987,GO:0010467,GO:0010468,GO:0010604,GO:0015935,GO:0016070,GO:0019219,GO:0019222,GO:0019538,GO:0019843,GO:0022626,GO:0022627,GO:0030529,GO:0031323,GO:0031325,GO:0032991,GO:0033120,GO:0034336,GO:0034337,GO:0034641,GO:0034645,GO:0040007,GO:0043170,GO:0043226,GO:0043228,GO:0043229,GO:0043232,GO:0043484,GO:0044237,GO:0044238,GO:0044249,GO:0044260,GO:0044267,GO:0044391,GO:0044422,GO:0044424,GO:0044444,GO:0044445,GO:0044446,GO:0044464,GO:0045935,GO:0046483,GO:0048518,GO:0048522,GO:0050789,GO:0050794,GO:0051171,GO:0051173,GO:0051252,GO:0051254,GO:0060255,GO:0065007,GO:0071704,GO:0080090,GO:0090304,GO:0097159,GO:1901360,GO:1901363,GO:1901576	K02950		bactNOG[38]	08UKE@bactNOG,0D2D9@chloNOG,0D7XJ@chlorNOG,COG0048@NOG	NA|NA|NA	J	Interacts with and stabilizes bases of the 16S rRNA that are involved in tRNA selection in the A site and with the mRNA backbone. Located at the interface of the 30S and 50S subunits, it traverses the body of the 30S subunit contacting proteins on the other side and probably holding the rRNA structure together. The combined cluster of proteins S8, S12 and S17 appears to hold together the shoulder and platform of the 30S subunit (By similarity)	RPSL (MAG729_13_8)
MAG729	MAG729_230_5	1872	MPQYLSPGVYVEEVDRGSKPIEGVGTSVAAFVGFAEKGPLEANLVTNWEQYRATYGSFVEGAYLPTSVYGYFLNGGTRCYIMRISPSVNIPQRSSIRAALQVTPLLGPGSEEPVTLSVSESGSNRYKLTLQRGSTTETFEDLSSDKKDKAARHVESIVNDPDKGSKLIRIYDASGSRDSIDVRSPKAGSYSFNQGDAKPAGELPAAAVRLPARTVADLPVLEVRPAPGVSKAVTVEIADLPDQDELFKLILKAEADTESFDVSFKKGPQYIETVINSGRTGSKLVRVKDLAADSQVGVGERRPPVGQSTLAGGAAEAKAEKTKVTFSSADFTGDVVARTGVSGLEALDDVTIVAMPDLMGLYLRGQIDMKGVQVVQTAMMNHCEAMKNRVAILDSPPDMTPQQINNWRMKEANYDSKYAALYYPWIEIDNPVSKGKTMFSPPSGHMAGIWARSDSERGVHKAPANEIVRGAIGLDRQITMGEQDGLNPNGINCIRAFPGRGIRVWGARTLSSDPSWRYLNVRRLFNYVEASIERGTQWIVFEPNDEGLWSRIRRDISAFLYLVYLNGALFGASTSDAFFVKCDGETNPPAVIDAGMVITEIGIAPVKPAEFVVFRIGQISQAG*	Gene1605532	457425.SSHG_05390	6.799999999999997e-122	443.4			K06907		bactNOG[38]	00BGA@actNOG,05C2K@bactNOG,COG3497@NOG	NA|NA|NA	S	Tail sheath protein	 (MAG729_230_5)
MAG729	MAG729_759_2	135	MELIIVFLLIVAILGLLDWVALRWGYNSRLTHVGEIYPKHRNEL*														 (MAG729_759_2)
MAG319	MAG319_23_32	924	MDSTLLQNDETNQPPAQVMIDLPQSNRDRQIHRILEDFDKGMIGLQAVKTRIREIAAFLLIDRMREQVGLNAERPVLHMCFTGRPGTGKTTVAMKMASILYELGYIRRNHVVVVTRDDLVGQYVGHTAPKTKEVLKKAMGGVLFIDEAYYLYRRENERDYGQEAIEVLLQVMENQRDDLVVIMAGYKDRMDEFFSSNPGVRSRIAHHIDFPDYNLDELMQISDLMLKQQMYYLDTASIEPYQKLVASQMEHEHFSNARTIRNLLDLLKLRHANRLFNANKPVTKDDLARLDLPDIPDETLIETGSDN*	Gene1325385	765420.OSCT_2524	5.599999999999998e-101	372.9	CBBX				bactNOG[38]	06F1P@bactNOG,0D4UX@chloNOG,COG0464@NOG	NA|NA|NA	O	ATPase family associated with various cellular activities (AAA)	CBBX (MAG319_23_32)
MAG319	MAG319_12_68	336	MFGTKKLTFEAITPQQGEQRIRENNPLVIDVRESYEYAMGHIAGSKLIPLGQLSSKLDTLGEKDQEIIVVCQSGARSNHAANILAAAGFNKVADLKGGMSNWAWAGLPVQK*	Gene0763124	357808.RoseRS_3735	1.2e-16	91.3					bactNOG[38]	05PV6@bactNOG,0D34Q@chloNOG,COG0607@NOG	NA|NA|NA	P	Rhodanese domain protein	 (MAG319_12_68)
MAG319	MAG319_7_49	360	MNDWITTTNKLMDLANEYYYGAVNSILWGTEKSLALTKSIVAQVEANQHEGKKLLEDYSERARRTQGIIQEVWQEGVKSTTTNMNALRVASDAAVVELDRKIESINEKLTSTGKKVSNN*														 (MAG319_7_49)
MAG319	MAG319_12_67	264	MANNSENNQIVMYGTTMCSDCRRAKQFFEANKVSYKWVDLANDPDAVEFVLAHNNGMQSVPTIIFPDGSIMVEPSNKELAEKLAVLV*	Gene1835977	552811.Dehly_0509	7.1e-17	91.7	MRA_3235	GO:0005575,GO:0005622,GO:0005623,GO:0005737,GO:0044424,GO:0044464	K18917		bactNOG[38]	05ZIR@bactNOG,0D347@chloNOG,COG0695@NOG	NA|NA|NA	O	Glutaredoxin-like protein	MRA_3235 (MAG319_12_67)
MAG729	MAG729_661_2	702	VPSQTAIRNLTAARLAADVLGVPTVLIARTDANGAYLQTSDIDPYDQPFITGERTSEGFFKIRGGIDSAISRGLAYAPYADLVWCETSEPNLEEARRFAEAVRAQYPGKLLAYNCSPSFNWKKKLDPETIAHFQPKLAAMGYKFQFVTLAGFHALNFSMFELARGYRDRGMAAYSELQEAEFSSETFGYTATKHQREVGTGYFDDVAQVIAGGTSSTTALAGSTEAEQFATVH*	Gene0534421	358681.BBR47_00200	1.4999999999999994e-106	391.0	ACEA	GO:0001101,GO:0001666,GO:0003674,GO:0003824,GO:0004451,GO:0005575,GO:0005622,GO:0005623,GO:0005737,GO:0005829,GO:0005886,GO:0005975,GO:0006081,GO:0006082,GO:0006097,GO:0006102,GO:0006950,GO:0008150,GO:0008152,GO:0009405,GO:0009607,GO:0009628,GO:0009987,GO:0010033,GO:0010034,GO:0016020,GO:0016829,GO:0016830,GO:0016833,GO:0019752,GO:0032787,GO:0033554,GO:0033993,GO:0036293,GO:0036294,GO:0042221,GO:0043436,GO:0044237,GO:0044238,GO:0044262,GO:0044281,GO:0044403,GO:0044419,GO:0044424,GO:0044444,GO:0044464,GO:0044699,GO:0044710,GO:0044763,GO:0046421,GO:0046487,GO:0050896,GO:0051701,GO:0051704,GO:0051707,GO:0051716,GO:0052173,GO:0052200,GO:0052564,GO:0052572,GO:0070482,GO:0070542,GO:0070887,GO:0071453,GO:0071456,GO:0071704,GO:0071944,GO:0072350,GO:0075136,GO:0075141,GO:1901700	K01637	ICL	bactNOG[38]	04SY7@bacNOG,07RPH@bactNOG,0NEM7@firmNOG,COG2224@NOG	NA|NA|NA	C	Isocitrate lyase	ACEA (MAG729_661_2)
MAG319	MAG319_28_37	558	MAYQPKQNRNVRTVLGEPRVQLVVYTVWFSGIIIGAILLFFLGFLVAGDYNGRTQQTALEAGGPTYAKIQLSTDGTKIAYVEAWKTQGKQGEDELKSALARGQANYNRICVGCHYGPPTVSSHGAWLGDLYQTAFLFNGTPVNDANVVKFILLGHGNMPSGIPLPQQAVDIMLYVKQQTSGTPTK*														 (MAG319_28_37)
MAG729	MAG729_119_1	579	MSYNNTNGYYKKTDAEAIRQLEESWANDPRWQGVTRTYSAADVVKLRASIQIEHSLAQLGSIRLWNLLHTEDYVHALGALTGNQAVQQVKAGLKAIYLSGWQVAADANLSGQMYPDQSLYPANSVPHVVKRINQALQRADEIQHSEGKGDTYWYAPIIADAEAGFGGPLNVYELVKSMVEAGAGGVHLEDQLA	Gene0038660	562970.Btus_1003	2.8999999999999995e-79	300.1	ACEA	GO:0001101,GO:0001666,GO:0003674,GO:0003824,GO:0004451,GO:0005575,GO:0005622,GO:0005623,GO:0005737,GO:0005829,GO:0005886,GO:0005975,GO:0006081,GO:0006082,GO:0006097,GO:0006102,GO:0006950,GO:0008150,GO:0008152,GO:0009405,GO:0009607,GO:0009628,GO:0009987,GO:0010033,GO:0010034,GO:0016020,GO:0016829,GO:0016830,GO:0016833,GO:0019752,GO:0032787,GO:0033554,GO:0033993,GO:0036293,GO:0036294,GO:0042221,GO:0043436,GO:0044237,GO:0044238,GO:0044262,GO:0044281,GO:0044403,GO:0044419,GO:0044424,GO:0044444,GO:0044464,GO:0044699,GO:0044710,GO:0044763,GO:0046421,GO:0046487,GO:0050896,GO:0051701,GO:0051704,GO:0051707,GO:0051716,GO:0052173,GO:0052200,GO:0052564,GO:0052572,GO:0070482,GO:0070542,GO:0070887,GO:0071453,GO:0071456,GO:0071704,GO:0071944,GO:0072350,GO:0075136,GO:0075141,GO:1901700	K01637	ICL	bactNOG[38]	04SY7@bacNOG,07RPH@bactNOG,0NEM7@firmNOG,COG2224@NOG	NA|NA|NA	C	Isocitrate lyase	ACEA (MAG729_119_1)
MAG729	MAG729_230_6	903	MIEDLDETIRQLLIQKMPLNTTEVDISFDVPDREWSGSISKPTINIYLHDIRENLELRQTGWNVARNIDGTFSRSRPPGFYDMSYLITAWTTNVEDEHRLLWYVLATMVRYPVIPAEVYQGVLVNQNQTLSTKIAQPDGVLRNVADVWTALENQLKPVLPYVVTVTLEPQLFHVSSPVRSKFLRFYAPDTEDVSKLVVPSNGNSGNGTALVAGVTQFVQIGGQITEANNPGKPVRAEVVLVEQGLNVRTNAQGYYTFNNLIERSEYTLLVVAPGYVTTRRVLTIPTGSYDLELQPEEIEV*	Gene0038685	749414.SBI_09002	2.8999999999999992e-30	137.9					bactNOG[38]	00H5U@actNOG,08T5D@bactNOG,11H9V@NOG	NA|NA|NA			 (MAG729_230_6)
MAG319	MAG319_49_12	1065	MNKLFRVMSGLLVSLVLVVILAACGDNTATSVPATTAAATTAAATTAAATTAAATTAVAATTAAATTAAATKTPAPTLIATIGASSSAAKVSLKTLRLGAIPAENVQTVLTNTTPFATALSQQLGIQVELFVGPNYTSVIEALAAGKLDVAIFGPFSYVLANSKYNASVFALMLGTKGEKTYNSLIITTSKTGIKALADLKGHSFSFVDVASTSGNLVPRYNLITKAKLDPDKDVNGVFTGSHDASLLAVQSGKVEAGAVASDTFQKYIDNGTVKAEEIVIVDKSFDIPNSPVAYRNDLSDADKAAIKAAFLAIKDTAALNSMGTGGFIEAVDTTWDPIRDIAKVLNVDLTKLK*														 (MAG319_49_12)
MAG319	MAG319_2_65	228	MKELAAGIAMGAGAIGPGIGIGIAVSGAMQAIGRNPEAAGIIRINMIIGVAFAEAVAIYALLIALLLIFVAQRGI*	Gene0239622	243164.DET0559	2.5e-18	96.3	ATPE	GO:0005575,GO:0005623,GO:0005886,GO:0016020,GO:0044464,GO:0071944	K02110		bactNOG[38]	0839E@bactNOG,0D3AZ@chloNOG,0G7EE@dehNOG,COG0636@NOG	NA|NA|NA	C	F(1)F(0) ATP synthase produces ATP from ADP in the presence of a proton or sodium gradient. F-type ATPases consist of two structural domains, F(1) containing the extramembraneous catalytic core and F(0) containing the membrane proton channel, linked together by a central stalk and a peripheral stalk. During catalysis, ATP synthesis in the catalytic domain of F(1) is coupled via a rotary mechanism of the central stalk subunits to proton translocation (By similarity)	ATPE (MAG319_2_65)
MAG319	MAG319_23_33	309	MKLETFSYLPPMNEALLRSQIQNMIDKGYAPAIEYCDTVNTYNSYWSMWGLPMFEVRDAAAVVYELKACQKANENSYIKINGFDPVTQAQAISFVVYIPNKG*	Gene1504035	197221.tll1504	5.199999999999999e-19	99.0	RBCS		K01602	RBCh,RBPC	bactNOG[38]	08VFZ@bactNOG,0FNBC@cyaNOG,COG4451@NOG	NA|NA|NA	C	ribulose bisphosphate carboxylase, small	RBCS (MAG319_23_33)
MAG319	MAG319_38_28	258	MATEVKQDEVKSAADSIANIIRQLVNLQFELISIPLSLLSGESRNSATETLRSAFKTVRVVVNDFSDMVDSNLVRNLDGTGKAAK*														 (MAG319_38_28)
MAG319	MAG319_23_43	1461	MAVQDGKSTQNQLFSAGVREYRTMGYLNLSYVPKDSDVLAAFRVTPQPGVPIEEAAAAVAGESSTATWTVVWTDRLTNLERYQAKCYNIEPVPGNDNQFIAYIAYDLALFEEGSIANLSSSIVGNVFGFKPLQALRLEDMRIPTQYIKTFQGSPHGIQVERDKLNKYGRPLLGATVKPKLGLSGRNYGRVVYEGLRGGLDFTKDDENIGSQPFMRWRERFLFCQEATAKAEAETGEQKGHYMNVTAGTIEEMYKRAEFAKEIGAKVIMSDFLTMGWSAHTSLSIWARENGMLLHCHRAMHAVMDRQKNHGISFKVLAKWLRLAGGDHLHTGTVFGKLEGDRTLVSGVSDLLRENHIEQDPTRGLYFTQDWADIATVMPVASGGIHVGHVARLLDLYGDDVIMQFGGGTFGHPLGIAAGATANRVALEAMVQARNSGRDYLADDKDILEEAARNSPELAAAMDVWKDIEFNYTSTDTPDAVVTPTNQ*	Gene0260848	197221.tll1506	5.1999999999999964e-194	682.6	CBBL		K01601	RBCh,RBPC	bactNOG[38]	05DT1@bactNOG,0FJQX@cyaNOG,COG1850@NOG	NA|NA|NA	G	RuBisCO catalyzes two reactions the carboxylation of D- ribulose 1,5-bisphosphate, the primary event in carbon dioxide fixation, as well as the oxidative fragmentation of the pentose substrate in the photorespiration process. Both reactions occur simultaneously and in competition at the same active site (By similarity)	CBBL (MAG319_23_43)
MAG319	MAG319_5_125	1188	MLKRKASHLRMTLVLTAILTLVLSACGDNTATPVPATPAAATTAAKSSVAATTTAGNLDQLIAAAKQEGSLTTIALPHDWCGYGDLITNFKQKYGLQVTELNPDGSSGDEIEAIKANTQNKGPQAPDVIDVGLAFGPQAKAANLIQPYKVSTWATIPDSAKDAEGYWYGDYYGVMAMSVNTDVVKNAPAEWADLLKPEYKGKVALSGDPRTAAQAIAGVYAVALAQGGSLDNAQAGIDFFASLNKAGNFVPVIAKGATLASGETPIVLGWDYNALAAKDSLKGNPPISVVVPTKGVLAGVYVQAISAYAPHPNAAKLWMEYLYSDAGQLGWLKGYCHPIRYNDLASRNAIPADVAAKLPPAANYATAQFPTLDQYSKATALITKSWDSTVGANVK*	Gene0334610	765698.Mesci_1842	1.0999999999999995e-141	508.4			K02055		bactNOG[38]	01SKK@aproNOG,05CY5@bactNOG,173RG@proNOG,COG1840@NOG	NA|NA|NA	G	solute-binding protein	 (MAG319_5_125)
MAG319	MAG319_2_137	342	MFKLFGSKTLAYENITPQEADQRIKTQKPLIIDVREGYEYSQGHIKGSKLIPLSQISSKINVIGAKDREIIVVCRSGGRSSHAANLLSSQGFTRIGNIKGGMIGWMRAGLPLE*	Gene1557374	580332.Slit_2614	3.7e-18	96.3					bactNOG[38]	07YZP@bactNOG,0BE1E@bproNOG,17GCD@proNOG,COG0607@NOG	NA|NA|NA	P	Rhodanese domain protein	 (MAG319_2_137)
MAG319	MAG319_53_4	228	MADEVNVADSFQKLVDSTKTLDNKVVKAAEGIVKVISPSLAESLVKLDKNSKKFYGNLYSRVAGNFRRSGTNIEE*														 (MAG319_53_4)
MAG319	MAG319_3_142	174	MDDKQDTRNLQRYLLLALFAFSLLLVTFLIFANLYNDTFFNFITPGQRPLNQWPRYR*														 (MAG319_3_142)
MAG319	MAG319_18_52	294	MAYVITEPCVDVMDKSCVNVCPVDCIYSDENDRSLFINPDECIDCGACEPECPVSAIFAEEEVPDKSKAFPGINKLYFTDKAAARAQLDKLIPKKAK*	Gene0013137	479431.Namu_3650	1.7e-24	117.1	FDXA				bactNOG[38]	00KXA@actNOG,08Z4U@bactNOG,COG1146@NOG	NA|NA|NA	C	4Fe-4S ferredoxin, iron-sulfur binding	FDXA (MAG319_18_52)
MAG319	MAG319_28_36	1122	MPAFLEGRAEQGKGLADWRCRYDNDWWANITARATIGCPAAVPKLPLESEIEFRARPKGDDISDITVRVESMVEGVKKGLEINALITDLDDKTRESKGYGRIIVGDFIHPFEWRGTVRRETYVPDSSLNLTRSQTYIGGRLFHDVTARIALDTQIAREAWEQVRTVTAKNNDVLTKTVFFGPLWSTADLTGQLYEDIQVRTLSASEGKTLSRVSFVTSGTGQVDSITYWTRLFPVSQLKGREAYVKAKFVTDGASIRVAAEAELPSGVERAGNLLKVIDHPQIPILHHGIPAQPIPLDLEFNYTLTTPDGWRIQKAEPTFRKKIGRNSYLFQGGSYLGFVNTIARGNITPFDVFFEPEDGSVSLSPNAAIAIK*	Gene0123446	981222.Cabther_A2186	3.5e-41	174.5	FMOA		K08944		bactNOG[38]	08M61@bactNOG,10CX4@NOG	NA|NA|NA	S	bacteriochlorophyll A protein	FMOA (MAG319_28_36)
MAG319	MAG319_8_62	777	MYKTGIKLVLLALLLSTMTLSACGDNTATISPATTAAPTPIATTTTAVAANTAAASKPLRNSRYCEVIPVFQESGKLAQYVYNTQGLSDCPQDAWKALNATDLAKSLGALQVTLNGPRYWMMDQVIASGDSAAGEVKTFGDLKMQLRAKIEIPAGTTMAGPYSENIIQRNTEYVFLSGKPTFQLVSPNGDTYVMQTYSQIIDPKLSIDDLANLGTRLKLPTGWQFKIVTPDQDLHLVAKGAAYLIQDDLTNSYQKVTK*	Gene0537596	438753.AZC_0100	7.6e-51	206.1		GO:0005575,GO:0005622,GO:0005623,GO:0005737,GO:0005829,GO:0044424,GO:0044444,GO:0044464			bactNOG[38]	05GI6@bactNOG,11Q1Y@NOG,17H4D@proNOG	NA|NA|NA			 (MAG319_8_62)
MAG319	MAG319_11_75	243	MGIGWWAMIPTIILAVVPYIIIKKGRWWPGAFGWMLITIAIGVLAAEGFRNSGPIGLAGIFFGTVLGFAGALGGPNSPAK*														 (MAG319_11_75)
MAG319	MAG319_2_64	846	MEEFKLVVSLKPEPIMCIGGKMDAPAVCSKDTFFIVTNSTIATVLFMLITFFLLWSGARKAKLIPGRWQSVVEILVESLHNMVVESTSKRVAKVIFPLVATYFTWILFANWLSLIPGVGSIGFVRDVTEDGKVLKEMVPLLRGPNADLNMTFAMALLAVIIVQIAAIVSHGVKGWLKEFIPEPHWMDPLLTPLEIIGQFTRILSLAFRLFGNVFAGEVLLAVMLKIAAPSLIVFLGLEIFVGFIQALVFAILTLTYLSLVTAGGHEESHHDKEHEEHAKAA*	Gene0855762	479434.Sthe_1427	1.9e-47	194.9	ATPB	GO:0005575,GO:0005623,GO:0005886,GO:0016020,GO:0044464,GO:0071944	K02108		bactNOG[38]	0822Y@bactNOG,0D2WB@chloNOG,COG0356@NOG	NA|NA|NA	C	it plays a direct role in the translocation of protons across the membrane (By similarity)	ATPB (MAG319_2_64)
MAG319	MAG319_16_89	336	MSEQSAGEFLENMDNDDTLRSKVVSLGSSISVDDVVALAAKNGYSFTSDEFIAAGSTRIAPGAGGELPDEALDQVAGGGSVTIAWKGANILGRNINPGNLNPGGLGGLSGH*														 (MAG319_16_89)
MAG319	MAG319_58_2	1791	MSIQLRPAAPVINRPALNKAAELHVRGYNWYQLFAFPRTEDQIFGGHLIVSGMIGVMVAFNIGSGITAPGNYFFLSIEPQLYNLGIDTKEKVLTYALIHIISGLGLILFGWWHYRNRILQAAALTYAKAWGGHLIYIAWWCFAWNLWSLLVMQRGPVLFGIGLTDAAQRQAKIIPLMNFDGFLLLLATALLVAGVVTYRKPPTFNRHLEDPKAQLHVNLIIFGWTGMLYSAFAWFTFPRGADASLGQWSDVSLNLFVWNHVNSCALYIIGGVFHGAQYLWDVRDDDTKNPWVISKWVRWFDKEDRQVDISVICFFFAFFTGFSAWGVMGINSLVDFKIFPPEWYIDWLRPYILETVWPGILHVWPGYQTSVSDWVFAHALTSGFFFVMIPLSRAVFFTRRSPLFDAKGITKRSFDYPCLGPAYGGTCGFSIQDQIWLAMLWAIKPLSVIVWYMMGAYFGSFQYAINPKDPAGPTSFPGRPGTLFYIFQTTSKIWNDGHLTMTLYYGHLIWLLSFMFWFMYRGSRLEGAYILSRFLKRHFNINVVPEQFVTTLVGSRFIGTCFYYGGTFTCIFTYLAVGYAWRPNVGVPVLAPLLAP*	Gene0529119	290512.Paes_0274	6.599999999999998e-58	230.7			K08940		bactNOG[38]	06ANQ@bactNOG,0CZAR@chlNOG,0XRGJ@NOG	NA|NA|NA	S	photosystem P840 reaction center large subunit	 (MAG319_58_2)
MAG319	MAG319_31_31	246	MAATGAIFDKLKDIIVEQLAVDAEDVTIEASFIEDLNADSLDLVELIMEIEEKFGIQVPDEVAEKIATVGDAVDYIQEHQE*	Gene1779509	696369.DesniDRAFT_1560	5.2e-22	108.6	ACPP	GO:0005575,GO:0005622,GO:0005623,GO:0005737,GO:0044424,GO:0044464	K02078	ACOATA,MCOATA	bactNOG[38]	05VNB@bactNOG,0EVAU@cloNOG,0NNHP@firmNOG,COG0236@NOG	NA|NA|NA	I	Carrier of the growing fatty acid chain in fatty acid biosynthesis (By similarity)	ACPP (MAG319_31_31)
MAG319	MAG319_20_1	735	AATTAGQAATTTAAATTAALPVGDATRGSQIFRRTCQVCHAKGGTEVGTDGQPNLASSTKTNDPAFIRQTVRDGRKGVITPGIDMPSFNSVNIRDAELEDVVAYIASIKKAGYVAPTPTPMNTVVVPPNTVAPTRPAPTPPNGSDGKVIASSASRGEVIFRNSCQRCHANGGRTRGDKDQPNLSTNGNTWNPDFVRSFIFNGSPTPALMPSFGPNLTPQELEDLVKYITTINTIQKPTTPIATP*	Gene0483276	765420.OSCT_2597	5.7e-08	63.5	COXB	GO:0005575,GO:0005623,GO:0005886,GO:0016020,GO:0044464,GO:0071944	K02275		bactNOG[38]	05CV4@bactNOG,0D2R4@chloNOG,0D6Z1@chlorNOG,COG1622@NOG,COG2857@NOG	NA|NA|NA	C	Subunits I and II form the functional core of the enzyme complex. Electrons originating in cytochrome c are transferred via heme a and Cu(A) to the binuclear center formed by heme a3 and Cu(B) (By similarity)	COXB (MAG319_20_1)
MAG319	MAG319_20_31	1563	MITEKDPNSRPYALNLQSEVSGLMSGFVKERVEFTAKLRDELAEQRKNRTQNVAEMLANFAKERSERAGEMRENLNRNRAGRAEDVAESIQNLRGQRAALHQELHENLAADFADRAADLAELLGHFAANRQSQAQDQDNKLKSDRVSLLSEISKLLQDFMSNRAELTEELRQALQTDANNRRQSVDEFLVSTSSSRATSAAEQEEKLQTARLALLNEALEMLRSYQTERAEKASAQEQQLNADNESRKQSVEEFLKETTAARASGAEKQAEELNHDRLELLTNILGMLQNFQIGRFQLSNELRQQLSADAAARRQSVEAFTKEANASRVAASAEQANKLRLDVLQRLTEVTELLAGFRNERFGIKTETPPPPTASATKEPQPELKVETAPVEVAEPAKVAEPEAPVTLAVEVTPVVEAPIVIEVTPVVEYKSEVIESVTPVATPEPEAVTSITETNHASTPIGTADIFSLLALNPDGLTNEELEHHFLPLGLSRQQLRSHLKKLMESGKVRKNDKVYLAI*	Gene0392166	929439.XP_003872980.1	2.1e-12	79.3	CEP250		K10352,K16464		euNOG[57]	0ISD4@euNOG,0T5TC@kinNOG,0YEIT@NOG	NA|NA|NA			CEP250 (MAG319_20_31)
MAG319	MAG319_16_57	462	MPTINQLVRKGRKRIIKKTKAPALRFNLNSLKQRVTRGRGSPQKRGVCTIVRTMTPKKPNSALRKVARVRLSNGMEVTAYIPGEGHNLQEHSVVLIRGGRVKDLPGVRYHIVRGALDTQGVKDRKKARSKYGTKVAKGKGKGAPVKGAPAKKK*	Gene0627122	326427.Cagg_3030	1.1e-62	244.6	RPSL	GO:0000372,GO:0000375,GO:0000376,GO:0003674,GO:0003676,GO:0003723,GO:0003735,GO:0005198,GO:0005488,GO:0005575,GO:0005622,GO:0005623,GO:0005737,GO:0005829,GO:0005840,GO:0006139,GO:0006396,GO:0006412,GO:0006725,GO:0006807,GO:0008150,GO:0008152,GO:0008380,GO:0009058,GO:0009059,GO:0009893,GO:0009987,GO:0010467,GO:0010468,GO:0010604,GO:0015935,GO:0016070,GO:0019219,GO:0019222,GO:0019538,GO:0019843,GO:0022626,GO:0022627,GO:0030529,GO:0031323,GO:0031325,GO:0032991,GO:0033120,GO:0034336,GO:0034337,GO:0034641,GO:0034645,GO:0040007,GO:0043170,GO:0043226,GO:0043228,GO:0043229,GO:0043232,GO:0043484,GO:0044237,GO:0044238,GO:0044249,GO:0044260,GO:0044267,GO:0044391,GO:0044422,GO:0044424,GO:0044444,GO:0044445,GO:0044446,GO:0044464,GO:0045935,GO:0046483,GO:0048518,GO:0048522,GO:0050789,GO:0050794,GO:0051171,GO:0051173,GO:0051252,GO:0051254,GO:0060255,GO:0065007,GO:0071704,GO:0080090,GO:0090304,GO:0097159,GO:1901360,GO:1901363,GO:1901576	K02950		bactNOG[38]	08UKE@bactNOG,0D2D9@chloNOG,0D7XJ@chlorNOG,COG0048@NOG	NA|NA|NA	J	Interacts with and stabilizes bases of the 16S rRNA that are involved in tRNA selection in the A site and with the mRNA backbone. Located at the interface of the 30S and 50S subunits, it traverses the body of the 30S subunit contacting proteins on the other side and probably holding the rRNA structure together. The combined cluster of proteins S8, S12 and S17 appears to hold together the shoulder and platform of the 30S subunit (By similarity)	RPSL (MAG319_16_57)
MAG319	MAG319_5_115	270	MSLQKAEKDGIIEKYAVHNGDTGSPEVQIALLTERILQLTQHLNTHKHDNHSRRGLLKLVGRRRRLLVYLSQKDIERYRVVIGKLGLRR*	Gene1010971	479434.Sthe_1554	6.3e-29	131.7	RPSO	GO:0003674,GO:0003676,GO:0003723,GO:0003735,GO:0005198,GO:0005488,GO:0005575,GO:0005622,GO:0005623,GO:0005737,GO:0005829,GO:0005840,GO:0005886,GO:0006139,GO:0006378,GO:0006396,GO:0006397,GO:0006412,GO:0006725,GO:0006807,GO:0008150,GO:0008152,GO:0009058,GO:0009059,GO:0009987,GO:0010467,GO:0015935,GO:0016020,GO:0016070,GO:0016071,GO:0019538,GO:0019843,GO:0022626,GO:0022627,GO:0030529,GO:0031123,GO:0031124,GO:0032991,GO:0034641,GO:0034645,GO:0043170,GO:0043226,GO:0043228,GO:0043229,GO:0043232,GO:0043631,GO:0044237,GO:0044238,GO:0044249,GO:0044260,GO:0044267,GO:0044391,GO:0044422,GO:0044424,GO:0044444,GO:0044445,GO:0044446,GO:0044464,GO:0046483,GO:0071704,GO:0071944,GO:0090304,GO:0097159,GO:1901360,GO:1901363,GO:1901576	K02956		bactNOG[38]	05K77@bactNOG,0D388@chloNOG,COG0184@NOG	NA|NA|NA	J	One of the primary rRNA binding proteins, it binds directly to 16S rRNA where it helps nucleate assembly of the platform of the 30S subunit by binding and bridging several RNA helices of the 16S rRNA (By similarity)	RPSO (MAG319_5_115)
MAG319	MAG319_56_18	423	MESKFTFNRTTEPIAEQLERQGVYGTPIRNINEQHEANVSEVEVLKVSGKSRPSSVAGAISGVIRQTGRVEVQAIGAGATNQAIKAVAIARGYLISSGIDIVCIPAFIDVLIDDEERTAIKLLVERRPGFSGSNVSPIIQ*	Gene0762415	383372.Rcas_0857	3.4000000000000003e-29	133.3			K06416		bactNOG[38]	05MCT@bactNOG,0D2RW@chloNOG,0D6PV@chlorNOG,COG2359@NOG	NA|NA|NA	S	stage V sporulation protein S	 (MAG319_56_18)
MAG319	MAG319_16_54	1206	MAKQKFERTKPHVNVGTIGHVDHGKTTLTAAITKTLAMRGKAKFRAFDSIDNAPEERERGITIAIAHVEYETDNRHYAHVDCPGHADYIKNMITGAAQMDGAILVVSAPDGPMPQTREHILLARQVQVPSMVVFLNKCDVMEDEELLELVEMEVRELLSKYNFPGDDIPVVRGSALKALECQSTDLNAPELKCIFDLMAAVDSYVPTPVRAIDKPFLMPIEDVFAIKGRGTVVTGRIERGTVKVGEEIEIVGMSEELPRKSVVTGVEMFQKTLDSGQAGDNVGCLLRGIERADVQRGQVLAKTGSIKPHTKVKAEVYVLSKEEGGRHTPFFNGYRPQFYIRTTDVTGSIKLPDGMEMVMPGDNVQMTVELIVPVAIELGLRFAIREGGRTVGAGSVTSIIE*	Gene0588213	765420.OSCT_0201	1.1999999999999987e-193	681.0	TUF	GO:0001666,GO:0003674,GO:0003676,GO:0003723,GO:0003746,GO:0005488,GO:0005575,GO:0005618,GO:0005622,GO:0005623,GO:0005737,GO:0005829,GO:0005886,GO:0006412,GO:0006414,GO:0006950,GO:0008135,GO:0008150,GO:0008152,GO:0009058,GO:0009059,GO:0009628,GO:0009987,GO:0010035,GO:0010038,GO:0010039,GO:0010467,GO:0016020,GO:0019538,GO:0030312,GO:0034645,GO:0036293,GO:0040007,GO:0042221,GO:0043170,GO:0044237,GO:0044238,GO:0044249,GO:0044260,GO:0044267,GO:0044424,GO:0044444,GO:0044464,GO:0050896,GO:0070482,GO:0071704,GO:0071944,GO:0097159,GO:1901363,GO:1901576	K02358	SADT2	bactNOG[38]	05CGV@bactNOG,0D1IQ@chloNOG,0D69V@chlorNOG,COG0050@NOG	NA|NA|NA	J	This protein promotes the GTP-dependent binding of aminoacyl-tRNA to the A-site of ribosomes during protein biosynthesis (By similarity)	TUF (MAG319_16_54)
MAG319	MAG319_27_23	318	MKTVTKKFGLLALLVALMALFAACGDNTATTVPATTAAATKAATTAAGATTAAATTAAGATTAAATTAAGATTAAATTKAATTAAGTPAVGATTAAATTAAATTK*	Gene0260854	7739.JGI65814	1.3e-12	77.8		GO:0005575,GO:0016020	K16669		euNOG[57]	0XQHI@NOG,KOG3594@euNOG	NA|NA|NA	U	Cadherins are calcium dependent cell adhesion proteins (By similarity)	 (MAG319_27_23)
MAG319	MAG319_6_24	1230	MHPIRQPANLIRQPAYDLKERPFMVIWETTQACDLACKHCRAEARPDHNDPLALTFEDGCRLIDQIESFGTPRPLVVFTGGDPFKREDIFELTKYATAKGLPVGVSPSGTPLLNIDNLVKLKESGARAISLSLDGSTAEIHDEFRQVQGSYDWVINGWKNARKIGLKLQVNSTVTRYNLDDLPALFALVRELGAMTWSLFFLVPMGRAISEDEISPEDYEAVMNFLYDASKYISAKTTEGHQYKRVVLQRAALEARGLAPEDYLPLNDTYRKLKAGLAEVTKNTPQPDPGDHIRRTPMHINSGDGFVFINLRGDVYPSGYLPVVGGNVREKSLVEIYRESPLFQSLRDKGQLKGRCGECEFKFVCGGSRSRSYAMTGDVLSEEPFCVYEPGSFPFADEIKELELAVAKG*	Gene0588183	253839.SSNG_04714	1.599999999999999e-111	408.3	PQQE				bactNOG[38]	014BF@actNOG,07RPD@bactNOG,COG0535@NOG	NA|NA|NA	K	radical SAM domain protein	PQQE (MAG319_6_24)
MAG319	MAG319_2_173	204	MKPKKEAKYALLLSAFIPGLGQAYNGQYGKALLFFLTWFFILLWPVAIIDAWESANKINEGAYTKAA*														 (MAG319_2_173)
MAG319	MAG319_27_22	1257	MNTVTKKFRLLALLVVSFTVMALLAACGDNTATPVPATTARIYSSLPLTGSSKAQAETLVNAAKLALDDFTGGTGKIGNFTIDYVSLDDATAAKGQWDADQEKANANKALNDPDTMIYLGTFNSGAAKVSIPLLNPANITMISPANTYPGLTRAAKGVTEQGEPDVYYPAKTRNYFRVITADDVQGPADVEFIKSLNAKTVFVIDDSQAYGKGVADAVAAACTSAGLDCSNRASITGKETDYKSLAATVKSKNPDAIFFGGITQQQAGKLVADIRAAGIKAPFIGPDGINEEAFIKDGGAAAEGVYSSIGGTTEDKLPAKGQDFLKRYKAKYGNVEAYTIYGYEMMSVALSAIKTAGVKDRKAILAAVAATKDFDGVLGKWSFDKNGDTTLTDFRIDQVKDGKWVTFTVVKPKFTAGS*	Gene0832828	316274.Haur_3006	1.4999999999999995e-104	385.2			K01999		bactNOG[38]	07QMA@bactNOG,0D2MP@chloNOG,0D6JH@chlorNOG,COG0683@NOG	NA|NA|NA	E	extracellular ligand-binding receptor	 (MAG319_27_22)
MAG319	MAG319_17_63	1590	MKISKSWKLISLAMVIIMLAAMLVACGDNTATPVPATTAATTKAATTAAATTAAGATTAATTTTAAGATTAAATTAAATTAAGATTAAAAPAPTITPIPPVAQPAGSLKITLWFGLTGALGNVVQQTVNKYNTSQSKYYVEAIQQPDYDATLNKFNTSQAGGSLPSVVQIYDIGTQRMIDSKRVLPVQDFIDRDKLDVVSDIEPAVRNYYTVGGKLYSMPFNTSSPVMYFNKAAFKEAGLDTEKRIWTYDEVFDAAKKLTKKDSSGKVTQYGAGFTAYSWLFEQELAIQNALFADPNNGRETRSSKLIFNTDTGANWPNFLKKLLDEAPAKYFGRDGGANSTARDSSFVTGESAITFNSIANLRGYLSSAQTAGKGVDVGVAYLPRPTGATGGVIIGGASLWITDQGSKEQQEAAWDFVKWTSQPETQAYWSANTGYYPIRKAAYNVQDMKDTLAKYPQFQIAVDQLRASPSGFPTAGAIFGTFISTRQNIEAAMDQLLTKGGTTKQLLDDAAKKSNEQLDEYNSTVKK*	Gene0123427	7739.JGI65814	1.3e-09	70.1		GO:0005575,GO:0016020	K16669		euNOG[57]	0XQHI@NOG,KOG3594@euNOG	NA|NA|NA	U	Cadherins are calcium dependent cell adhesion proteins (By similarity)	 (MAG319_17_63)
MAG319	MAG319_3_99	297	MAVTLKPLGDRVVIEPTPKEEVTKSGIVLPDTAKEKPQEGTIVAVGAGRLNDKGERVALDVKTGDKVLYAKYAGTEFKHEGKEYLILGEKDILAIIVA*	Gene1381374	485913.Krac_11989	1.1e-31	141.0	GROS	GO:0000003,GO:0003674,GO:0005488,GO:0005515,GO:0005575,GO:0005576,GO:0005618,GO:0005622,GO:0005623,GO:0005737,GO:0005829,GO:0005886,GO:0006355,GO:0006457,GO:0006461,GO:0006950,GO:0008150,GO:0008152,GO:0009266,GO:0009408,GO:0009628,GO:0009636,GO:0009889,GO:0009987,GO:0010468,GO:0010556,GO:0016020,GO:0016032,GO:0016043,GO:0019058,GO:0019067,GO:0019068,GO:0019219,GO:0019222,GO:0019538,GO:0022607,GO:0030312,GO:0031323,GO:0031326,GO:0033554,GO:0034605,GO:0040007,GO:0042221,GO:0043167,GO:0043169,GO:0043170,GO:0043933,GO:0044085,GO:0044237,GO:0044238,GO:0044260,GO:0044267,GO:0044403,GO:0044419,GO:0044424,GO:0044444,GO:0044464,GO:0044699,GO:0044763,GO:0044764,GO:0046677,GO:0046872,GO:0048610,GO:0050789,GO:0050794,GO:0050896,GO:0051082,GO:0051171,GO:0051252,GO:0051259,GO:0051260,GO:0051704,GO:0051716,GO:0060255,GO:0065003,GO:0065007,GO:0070271,GO:0071704,GO:0071822,GO:0071840,GO:0071944,GO:0080090,GO:2000112,GO:2001141	K04078		bactNOG[38]	05K5Y@bactNOG,0D2UA@chloNOG,COG0234@NOG	NA|NA|NA	O	Binds to Cpn60 in the presence of Mg-ATP and suppresses the ATPase activity of the latter (By similarity)	GROS (MAG319_3_99)
MAG319	MAG319_3_25	1218	MRIIIFTGKGGVGKTSVAASTAVKAASQGYKTLVMSTDPAHSLADSFDIDEFLGPEPREIAPNLFGLEVDIYDDLRDNWEVVRQHFATLMSSQGVSGLLADEIAILPGMDELFSLVRIKKYFKSREYDVLVVDCAPTGETLRMLSLPETLKWAIKALRNTEKYLVKPVLRPLSKVSPLSKVVAPEEVFTTIDNMFSELEGLTGILSDTKVTSVRLVMNPEKMVIKESQRALTYLGMYGLMVDNVIVNRILPADKDSGYMNRWKTIQQKHLVEIHDSFVPLPIRHVPMYQQEVVGLEFLTQMGNDIYGNEDATSFMYTERPYEIYKKGAGYELKMYLPFANEEALDLWHKGDELIVQLGNQRRIATLPVAVAGMEAGAAEFEGQYLIVSFTPATNLSKAEPATSGV*	Gene0334598	324602.Caur_0125	3.699999999999998e-137	493.4			K01551		bactNOG[38]	05D0U@bactNOG,0D4CE@chloNOG,0D70G@chlorNOG,COG0003@NOG	NA|NA|NA	P	Arsenite-activated ATPase ArsA	 (MAG319_3_25)
MAG319	MAG319_31_38	195	MGALPKYKRSHSKQGRKRAHHHLDELQLVTCDNCGEQRLPHTVCKSCGYYKGEQVIQTRQKTKV*	Gene0260860	639282.DEFDS_0148	8.6e-12	74.3	RPMF		K02911		bactNOG[38]	08501@bactNOG,0G645@defNOG,0ZY5X@NOG	NA|NA|NA	J	50S ribosomal protein L32	RPMF (MAG319_31_38)
MAG319	MAG319_12_2	1026	MSKVKMTKGKFTHIQNCSDNNGIIAAAAMDQRGSLKKSIEKARGSAVSDDVLTEFKTIVTKVLTPYSSAILMDPEYGLPSLEARAPGTGVLLAYEKTGYDVGVKGRLPDLLPEWSARRLLEAGADAVKILLYYNPFDSESINSVKTAFIERIGAECTALDVPFFLEPLAYDDNYDEKGLEFAKIKPQYVTAYMEEFSKDRYGVDILKVEIPFNVEFLAGSRAFKGGEAAYDKKAALGFFHSSAAVTKKPFIYLSAGVDDDVFRESLELAAEAGVGYSGVLCGRATWKEGVPVFGEKGGAALEEWLLDRGVKNIQALNEVLAKGGKPWYSAYGGLDNIEVVG*	Gene0505976	765420.OSCT_2880	1.1999999999999992e-136	491.5	LACD		K01635,K01671		bactNOG[38]	05D2M@bactNOG,0D2IZ@chloNOG,0D7HE@chlorNOG,COG3684@NOG	NA|NA|NA	G	Tagatose 1,6-diphosphate aldolase	LACD (MAG319_12_2)
MAG319	MAG319_23_44	438	MPDAALIKQLQNYREEIISKQVEVLLNQRQKIESETVLSERAEITLSGVLAYIQNRDRKEVARLIDSIRCHFSTYNSDLANSSFEFTAQVLIELTSLSEILKQIMTRELSAKHRMVKKLEVRMESVILLVQLISNSSIFFQPKYS*														 (MAG319_23_44)
MAG319	MAG319_39_1	1605	VAASGTFRDRQASEPKTLDPGLITDNVSIRIAQNIFQGLIELDNNLNVVPAAAEALPTVSADGKTYTFKLKKGLKWSNGDPLTIKDFVYAWNRVAWLGADAQYSFIFSLINGFDAISQEKDAAKRTAATVPGIKQVDDYTVDVTLTEAAAYFLTEASLWSYWPVNQKAVEAAGGKADPKNTWSTDTKTLVTNGPFAVTEWKHDVNMTLAPDPNYAGADKAKISKVTVDYIKEDATAKLKFDNGELDDTTVPVADIPATKKDAKYKDSYKEFPQARITWIAFNMSGDNVFAKNLKLRQAFSYAIDRQLITDGALQGSALPSTILIPSGIPGAKQLDTYALSKDKAQQALKDAGYDTPAKLKDLEDAINGYGNGKSGGIAFNADSSSNKAVWENVQQQLKTTLGLNINLNPVATFKEFLERRDTNHEFQGIYRGSWGADYPDAQNFYTALFQSKSGTNQSQYKSDAYDALVSKGDLAKTPAERAAFYQQAEALLQADAAYIPIFTGIEVRLLNPKVQGYGYNAQNPYQWKYMTIKP*	Gene0566020	1042163.BRLA_c00400	4.3999999999999995e-61	241.1	OPPA		K02035,K15580		bactNOG[38]	054SH@bacNOG,08J59@bactNOG,0P6H5@firmNOG,COG4166@NOG	NA|NA|NA	E	ABC superfamily ATP binding cassette transporter, binding protein	OPPA (MAG319_39_1)
MAG319	MAG319_24_54	558	MPTPKKAVLTNELSTLFEKSTIAILTEYRGMRVSEITNLRRKLLPTGTEYHVSKNTLSRRAVKGLGWEGLDSVLTGPSAIAFVGSDLVKGVKELLNFQKDSKVFKIKVGILGGKVIEAAKLEELTKLPTKEVLIAQLMGSLNAPASNLVSVLSQPPQQLVNAMSGVPRNLVNVLNQRKLQLEEQN*	Gene0832824	138119.DSY0457	4.5e-29	133.3	RPLJ	GO:0003674,GO:0003735,GO:0005198,GO:0005575,GO:0005618,GO:0005623,GO:0005886,GO:0006412,GO:0008150,GO:0008152,GO:0009058,GO:0009059,GO:0009987,GO:0010467,GO:0016020,GO:0019538,GO:0030312,GO:0034645,GO:0040007,GO:0043170,GO:0044237,GO:0044238,GO:0044249,GO:0044260,GO:0044267,GO:0044464,GO:0071704,GO:0071944,GO:1901576	K02864		bactNOG[38]	08VZM@bactNOG,0ESJT@cloNOG,0NI4T@firmNOG,COG0244@NOG	NA|NA|NA	J	50S ribosomal protein L10	RPLJ (MAG319_24_54)
MAG319	MAG319_37_5	435	MIRNYPGMAKNPQTPKKAMSIFKMNLIMFAVVSLLCALLVFQIGQQVGSTMSAASSYTAEDAVQTTAASAGGPPDPVVTVAPVQTTAAAQSAATANATQATAPATQNVATTAATAKAVATAPATTKAVVVPQKTQAPKPVTKGS*														 (MAG319_37_5)
MAG319	MAG319_2_66	567	MHFVNINRLFSIIASEQATDEGIGALGINLWNFIFQLVAFLLMLFLLWRFVYRPILKTLDERKLRAAEIVESSDRIKREVAETEARQKQLFEEARRQAQEIIAQAQAVADKKRAEAEGEARIAAEAIITKARVEIASERDLAIAQLRREFSDLAIAAAGKVIGEELNTRKELHSKVINDVLSSYGTRN*	Gene0334593	525904.Tter_0067	2.4e-30	137.5	ATPF	GO:0005575,GO:0005623,GO:0005886,GO:0016020,GO:0044464,GO:0071944	K02109		bactNOG[38]	08KJP@bactNOG,COG0711@NOG	NA|NA|NA	C	F(1)F(0) ATP synthase produces ATP from ADP in the presence of a proton or sodium gradient. F-type ATPases consist of two structural domains, F(1) containing the extramembraneous catalytic core and F(0) containing the membrane proton channel, linked together by a central stalk and a peripheral stalk. During catalysis, ATP synthesis in the catalytic domain of F(1) is coupled via a rotary mechanism of the central stalk subunits to proton translocation (By similarity)	ATPF (MAG319_2_66)
MAG319	MAG319_2_153	1314	MANSNSNGHKNYKQEQAIAELEKSWANDSRWASIKRPYTAADVVRLRGSVQVEHTLARLGAARLWELLHTDDFVPALGALTGNQAVQQVKAGLKAIYLSGWQVAADANLSGNMYPDQSLYPANSVPSVVKRINQALQRADEIYTSEGRDDIHWFAPIIADAEAGFGGPLNVFELAKAMVEAGAAGVHLEDQLASEKKCGHMGGKVLLPTQQAVRNLISARFAMDVMGVPTLLIARTDANGAFLITSDIDPYDKPFVTGERTAEGFYRIKGGLGSAIARGLAYAPYADLVWCETSEPNLEEARMFAEAIHEQFPGKLLAYNCSPSFNWKKKLDEATIANFQKELGKMGYKFQFVTLAGFHALNYSMFELARGYKESGMAAYSKLQQSEFSAEEYGYTAVKHQREVGTGYFDEVAQVISGGNSSTTALHGSTEEAQFTR*	Gene0568631	358681.BBR47_00200	5.499999999999996e-203	712.2	ACEA	GO:0001101,GO:0001666,GO:0003674,GO:0003824,GO:0004451,GO:0005575,GO:0005622,GO:0005623,GO:0005737,GO:0005829,GO:0005886,GO:0005975,GO:0006081,GO:0006082,GO:0006097,GO:0006102,GO:0006950,GO:0008150,GO:0008152,GO:0009405,GO:0009607,GO:0009628,GO:0009987,GO:0010033,GO:0010034,GO:0016020,GO:0016829,GO:0016830,GO:0016833,GO:0019752,GO:0032787,GO:0033554,GO:0033993,GO:0036293,GO:0036294,GO:0042221,GO:0043436,GO:0044237,GO:0044238,GO:0044262,GO:0044281,GO:0044403,GO:0044419,GO:0044424,GO:0044444,GO:0044464,GO:0044699,GO:0044710,GO:0044763,GO:0046421,GO:0046487,GO:0050896,GO:0051701,GO:0051704,GO:0051707,GO:0051716,GO:0052173,GO:0052200,GO:0052564,GO:0052572,GO:0070482,GO:0070542,GO:0070887,GO:0071453,GO:0071456,GO:0071704,GO:0071944,GO:0072350,GO:0075136,GO:0075141,GO:1901700	K01637	ICL	bactNOG[38]	04SY7@bacNOG,07RPH@bactNOG,0NEM7@firmNOG,COG2224@NOG	NA|NA|NA	C	Isocitrate lyase	ACEA (MAG319_2_153)
MAG319	MAG319_57_5	405	MADVTRKSGASSDVTEELLSKAHMYEEIEQGEDFKKLTRARRNFIIPAMIIFIVYYFGMLVLINYFPSLMETDVIGSINLAYVMALSQFILAWAIAFAYLRVSTNVFDKLITKIIASVKHSDEKAGRPVRKENK*	Gene1129017	485913.Krac_11697	5.700000000000001e-18	95.9	GLOV_1396				bactNOG[38]	083RK@bactNOG,0Y03W@NOG	NA|NA|NA	S	Protein of unknown function, DUF485	GLOV_1396 (MAG319_57_5)
MAG319	MAG319_24_59	165	MAKKADRIIIHLACTSCKERNYTTTKNKRNDPNRLELSKFCKRERKVVIHRETK*	Gene0123440	255470.cbdb_B20	3.5e-14	82.0	RPMG		K02913		bactNOG[38]	05WDJ@bactNOG,0D3EQ@chloNOG,COG0267@NOG	NA|NA|NA	J	50S ribosomal protein L33	RPMG (MAG319_24_59)
MAG319	MAG319_3_100	1632	MPKQLQNADEARQSLKRGVDILANAVKTTLGPKGRNVALDKKFGAPTVTHDGVTVAKEIELKDPFENMGAQLLKEAATKTNDVAGDGTTTATVLAQAIVHEGLRNVAAGANPMQLKKGIDLGTNAIVEKLKSYSREVSTRAQVAQVATISAADAEIGELIADVMEKVGKDGVITVEESRGREYEKEYTEGMQIDRGYISAYFVSNSERMEAVLDDPLILITDKKISAISEVLPILEKALSVTKNFLILAEDVDGEALATLVVNKLRGTLNVLAVKAPGFGDRRKEMLRDIAILTGGQVISEELGRKLDSATLQDLGKARRVVSTKDDTTIIEGHGDEKDIKARVDQIKAQIETTTSDFDREKLQERLAKLAGGVAVIRVGASTETELKEKKHRVEDALSATRAAVEEGFVPGGGVALINSISALEDVKATGDILTGVNILRRALTEPLRQIAVNAGQDGSVVLQTVQRLSAEQKNPHLGYDVISGEYVDLIEKGIIEAVKVTRSALENAASIAGMILTTEALITDLPEEKSSAPAMPGGGMDY*	Gene1380185	479434.Sthe_0845	9.399999999999989e-237	824.7	GROL	GO:0000003,GO:0000166,GO:0001666,GO:0001882,GO:0001883,GO:0003674,GO:0003824,GO:0005488,GO:0005515,GO:0005524,GO:0005575,GO:0005618,GO:0005622,GO:0005623,GO:0005737,GO:0005829,GO:0005886,GO:0006139,GO:0006152,GO:0006163,GO:0006195,GO:0006200,GO:0006457,GO:0006725,GO:0006753,GO:0006793,GO:0006796,GO:0006807,GO:0006950,GO:0008150,GO:0008152,GO:0009056,GO:0009116,GO:0009117,GO:0009119,GO:0009123,GO:0009125,GO:0009126,GO:0009128,GO:0009141,GO:0009143,GO:0009144,GO:0009146,GO:0009150,GO:0009154,GO:0009158,GO:0009161,GO:0009164,GO:0009166,GO:0009167,GO:0009169,GO:0009199,GO:0009203,GO:0009205,GO:0009207,GO:0009259,GO:0009261,GO:0009266,GO:0009279,GO:0009408,GO:0009628,GO:0009987,GO:0016020,GO:0016032,GO:0016043,GO:0016462,GO:0016787,GO:0016817,GO:0016818,GO:0016887,GO:0017076,GO:0017111,GO:0019058,GO:0019067,GO:0019068,GO:0019439,GO:0019538,GO:0019637,GO:0019693,GO:0019867,GO:0022607,GO:0022610,GO:0030312,GO:0030313,GO:0030554,GO:0031975,GO:0032549,GO:0032550,GO:0032553,GO:0032555,GO:0032559,GO:0034641,GO:0034655,GO:0035639,GO:0036094,GO:0036293,GO:0040007,GO:0042278,GO:0042454,GO:0043167,GO:0043168,GO:0043170,GO:0044085,GO:0044237,GO:0044238,GO:0044248,GO:0044260,GO:0044267,GO:0044270,GO:0044281,GO:0044403,GO:0044406,GO:0044419,GO:0044424,GO:0044444,GO:0044462,GO:0044464,GO:0044710,GO:0044764,GO:0046034,GO:0046128,GO:0046130,GO:0046434,GO:0046483,GO:0046700,GO:0048610,GO:0050896,GO:0051082,GO:0051701,GO:0051704,GO:0051825,GO:0055086,GO:0070482,GO:0071704,GO:0071840,GO:0071944,GO:0072521,GO:0072523,GO:0097159,GO:1901135,GO:1901136,GO:1901265,GO:1901292,GO:1901360,GO:1901361,GO:1901363,GO:1901564,GO:1901565,GO:1901575,GO:1901657,GO:1901658	K04077		bactNOG[38]	05CJ9@bactNOG,0D1CP@chloNOG,COG0459@NOG	NA|NA|NA	O	Prevents misfolding and promotes the refolding and proper assembly of unfolded polypeptides generated under stress conditions (By similarity)	GROL (MAG319_3_100)
MAG319	MAG319_2_139	429	MASKKKYFNHYVGTDIRLLAFVPKKTRYTIDESKCIGCTNCIDVCPTLPKAISESEILSVARYPEEVYVYAIDQNKCTGCGRCASGCPAEPNTIYLSPVKTTVDVAGKSREVLTNRPEVSIAGAKQLNRVPIWYTRKEGYTE*	Gene1609069	580340.Tlie_1199	3.7e-07	60.1					bactNOG[38]	0807X@bactNOG,1C8WF@synNOG,COG1143@NOG	NA|NA|NA	C	4Fe-4S ferredoxin iron-sulfur binding domain protein	 (MAG319_2_139)
MAG319	MAG319_7_50	627	MNANARTDSSKNMNTKDTADKENSETTLNDTAPAEVLKPHRNGGGPAKGIKSVREEEDKNPIPEKEAPAKAKSEESSFSFAPKTFLQPYMLLLLKQWSMHGYEVWERLMRMGFPGFDQNDRATVYRALRQLEKEGKVKSEWDTNAEGPARRIYTLTDAGEEFLNVWANGLDQYRKTLDFFFKLYTGGMVPSPFSFTPTIGENNDKNTK*	Gene0239645	545693.BMQ_1227	5.399999999999999e-31	139.8		GO:0006082,GO:0006629,GO:0006631,GO:0006633,GO:0008150,GO:0008152,GO:0008610,GO:0009058,GO:0009987,GO:0016053,GO:0019752,GO:0032787,GO:0043436,GO:0044237,GO:0044238,GO:0044249,GO:0044255,GO:0044281,GO:0044283,GO:0044710,GO:0044711,GO:0046394,GO:0071704,GO:0072330,GO:1901576			bactNOG[38]	0541D@bacNOG,05Y3R@bactNOG,0NQ55@firmNOG,122W3@NOG	NA|NA|NA	K	Transcriptional regulator PadR-like family	 (MAG319_7_50)
MAG319	MAG319_10_2	1941	MSDIKSEATDHVLNELRVFTPSQEVVDNANIMAYMNSKGYTDFHEFHKWSVENRFEFWNDMANELHWFKKWENTFEWTQQPFFRWFTEGKFNIVYNCLDRHIGTPVENKVAYYWEGDNGDTRTLTYKDLYQQVNRFAAGLQKLGVKKGDRVGIYLPAVPEQAIALLAVARLGAVHSVVFAGFAAHALRDRCVDAEAKLIITADGNYRGGKLVDLKKTADEAAAEVPTLEHVVVYKRLGTEVPMTEGRDIWWHDLVADIPEDVVVPCEEMDSEDMLYILYTSGSTGKPKGVVHVHGGYAVGVYATMKFTFDVKPEDVFWCTADAGWVTGHSYLLYGPLMTGATSVYFEGIPTYPNPDRFWEVCAKYKVSIFYTAPTAIRSLMRFGDEWPKKHDLSSLRLLGSVGEPINPEAWIWYREVIGRNELPIMDTWWQTETGAHMITPNVTLPLKPGSATWPFPTIEADVVDKDGSSVGHEKGGLLVIRHPWPSQMRTIFRDAARYETYWNTIPGVYFAGDAVHRDNDGYYWIQGRVDDVIKVSGHRLGSMEIESSLVSHPAVAEAAAIGKPDPMKGEHVKVFVILKNGYEASPEMEKELKLHVRSNVGPVAVPDELEFVPSLPKTRSGKIMRRVIRAKELGEPIGDISTLDN*	Gene1004998	485913.Krac_10507	7.09999999999999e-292	1008.1	ACS		K01895		bactNOG[38]	08IQF@bactNOG,0D5YU@chloNOG,COG0365@NOG	NA|NA|NA	I	Catalyzes the conversion of acetate into acetyl-CoA (AcCoA), an essential intermediate at the junction of anabolic and catabolic pathways. AcsA undergoes a two-step reaction. In the first half reaction, AcsA combines acetate with ATP to form acetyl-adenylate (AcAMP) intermediate. In the second half reaction, it can then transfer the acetyl group from AcAMP to the sulfhydryl group of CoA, forming the product AcCoA (By similarity)	ACS (MAG319_10_2)
MAG319	MAG319_1_176	1437	MEENVERNKIEGSEVGGEAVEQHGMTIVAEQNPENLETEAVAEYANGNGTIQEVAEELEVATESTNASEDAESEELEAATPVENLTPLSLMEQLLSEPGSALKALHYGEVIEGIVMHRDRDEILVDIGAKSEGIVPNKELQTLTQQELIEIKVGDQILVFVVQAENQEGHAVLSIDKAKMEKSWRKLQKQFEGGEIIEAEVTGYNKGGLLVNLEGVRGFVPASQVSGLATTNEAAKQSEMTRLVNSHLPLKIIEINRHRNRLILSERLAAQEQRDAQKDRLMQELEPGQVREGMVTSICDFGAFVDIGGADGLVHLSELSWSRINHPSEILKVNDKVRVFVLSVDEADKKVALSIKRTQAEPWSTVMENYQPGQLVKGVITQLANFGAFARIADGIEGLIHVSELAEGRVQHPRSVVKEGDEVELRIIRIDPQRKRMGLSLKRAAPDYAGSLIDDEDEGSHPRKSHSSEDEEAEPTEE*	Gene1557368	479434.Sthe_0495	1.9999999999999992e-137	494.6	RPSA	GO:0005575,GO:0005618,GO:0005622,GO:0005623,GO:0005737,GO:0005829,GO:0005886,GO:0008150,GO:0016020,GO:0030312,GO:0040007,GO:0044424,GO:0044444,GO:0044464,GO:0071944	K02945,K03527	DMPPS,IPDPS	bactNOG[38]	05CAV@bactNOG,0D1HN@chloNOG,COG0539@NOG	NA|NA|NA	J	RNA binding S1 domain protein	RPSA (MAG319_1_176)
MAG319	MAG319_41_7	489	MKVILTQEIAHLGSTGEIKEVANGYARNFLLPRGLARAATLGAVKVVERKKAAEERRIALLEEENKSLAELIAKQTLTITAKVGREGRLYGSVTAAQIAEALSAKIGHEIDRRKVELTENIHTTGSYEIAVKLVGKLAPKVTVKVVGEAEEQTAEQTDSAES*	Gene0566022	479434.Sthe_1595	2e-33	147.5	RPLI	GO:0003674,GO:0003735,GO:0005198,GO:0005575,GO:0005618,GO:0005622,GO:0005623,GO:0005737,GO:0005829,GO:0005886,GO:0006412,GO:0008150,GO:0008152,GO:0009058,GO:0009059,GO:0009987,GO:0010467,GO:0016020,GO:0019538,GO:0030312,GO:0034645,GO:0043170,GO:0044237,GO:0044238,GO:0044249,GO:0044260,GO:0044267,GO:0044424,GO:0044444,GO:0044464,GO:0071704,GO:0071944,GO:1901576	K02939		bactNOG[38]	05K9Q@bactNOG,0D2NK@chloNOG,COG0359@NOG	NA|NA|NA	J	Binds to the 23S rRNA (By similarity)	RPLI (MAG319_41_7)
MAG319	MAG319_57_6	2001	MPHSSINFQVFKQLEGDKTPAIAIFLAFVLVTLGITFWASRRTKSAAEFYAAGRKISAWQNGVAVAGDYMSAASFLGIAGIIAFSGFDGFMYSVGWLVAYLTVLLVVAEPLRNGGKYTMADILAYRLKAKPVRAAAAFSTITVSTFYMIAQMVGAGTLVKLLFGWDFETAVVIVGILMIVYVVFGGMLATTWVQIIKALLLMAGTIVLSIIVLANFNFNIGNFFDEITRIRTGALIAEVPAGSNTVELSAIPSKNADGKFNDITVGGVTQAQETVGVAAVTYKLALANPLAAAVTKDTKVKQADKEFTIAADATAGDKALVFTAAPTINKDITVGSETVKGSKITYVTALAAPLKNTYVKNTNAGTPVDFSKPGYKYKDDPTNNVYGKLDLISLGLALIFGTAGLPHILVRFYTVPTARAARVSVIWAMLIIGFFYMMTTFLGFGAAMLVTGPNITLNGGSNMSAPLLAQAVGGTIFFALISAVAFATILAVVAGLTISASSAIAHDFWQNIVRNGQGTEKEQVTVARITAFVVGAISIFLAIFMKTANVAYLVGLAFAVAASANLPVVVYSLFWKRFNTVGAVTGIVVGLASSLILILIGPNGFAAKDSVTNFKDAIFPLENPGIISIPLGFLAAFVGSLFTRETAAEAKFAEMYFRTSTGVGAE*	Gene0832854	552811.Dehly_0153	4.099999999999998e-101	374.4	ACTP	GO:0003674,GO:0005215,GO:0005342,GO:0005575,GO:0005623,GO:0005886,GO:0005887,GO:0006810,GO:0006811,GO:0006820,GO:0006846,GO:0006847,GO:0008028,GO:0008150,GO:0008509,GO:0008514,GO:0009987,GO:0015075,GO:0015123,GO:0015665,GO:0015711,GO:0015718,GO:0015849,GO:0015850,GO:0016020,GO:0016021,GO:0022857,GO:0022891,GO:0022892,GO:0031224,GO:0031226,GO:0034220,GO:0035433,GO:0043879,GO:0044425,GO:0044459,GO:0044464,GO:0044699,GO:0044763,GO:0044765,GO:0046942,GO:0046943,GO:0051179,GO:0051234,GO:0055085,GO:0071702,GO:0071944,GO:0097339,GO:1900866,GO:1901618	K03307,K14393	3MBt2pp,3MBt4pp,ACt2rpp,ACt4pp,BUTt2rpp,BUTt4pp,GLYCLTt4pp,PACt3,PPAt2pp,PPAt4pp,PYRt2rpp,PYRt4pp	bactNOG[38]	07QN1@bactNOG,0D34X@chloNOG,COG4147@NOG	NA|NA|NA	S	Sodium:solute symporter family	ACTP (MAG319_57_6)
MAG319	MAG319_15_72	252	MISRELKTQSPGNETVTFRYQSVFNDEDEEIFRAGQLVPEGTYVEIDGWRQVTLDAPGTLPASLDGRRAEYRRYYCPWLQETA*														 (MAG319_15_72)
MAG319	MAG319_31_10	1827	MRILMIQPNYHSGGAEIAGNWPPGWVPYIGGALKKAGYNQVKFVDSMTKDLPDETVAAIIKSYAPDVVLTTAITPMIYQSQKVMKIAREMAPNAKTILGGIHPTFMYAEVLNEAPYIDYIVRGEGEEIIVNLLRSIEAGTDLQDRSTILGLSYLEDGQVIATPAHPVIQNLDTLSADWSLLEWKDYIYRPLNCRVAVPNFARGCPFTCRFCSQWSFWRTYRTRSPKLFVDEIEQLVKVHNVGFFILADEEPTINKKKFVALCQELIDRKLDIHWGINTRVTDILRDQELLPFYRKAGLVHVSLGTEAAAQLKLDRFRKQTTIEQNKRAVQLLKDAGMVAEVQFIMGLENETKETIEETYRLAMDWKPDMANWNMYTPWPFAELFEELGDRVEVRDYSKYNFVTPIMKPDNMEREEVLKGVLKNYARFFANKTFTSYPFIKDKWKRKYMMGCLKAFAVTTLNKRFYNLGRIKRKGFKAEIDFGFDSDRILNTEELARYKGMRGDKISQENVVMLGNIGNGPVSLHGAPKGLPVEYSEEDSDKKKLTMIDSISVSACGAPNHLPEYVEEEAPQAVMKMVSTDVSACGAPKGLPDVYEELEDVEPVTQKES*	Gene0123449	498761.HM1_0688	4.299999999999995e-230	802.7			K04034		bactNOG[38]	07SIB@bactNOG,0EPAG@cloNOG,0NENJ@firmNOG,COG1032@NOG	NA|NA|NA	C	radical SAM domain protein	 (MAG319_31_10)
