assembly_accession	assembly_name	genome_name	plotting_name	ncbi_ftp_link	database	phylum	NCBI_taxonomy	GTDB_taxonomy_RS89	organism	species	isolate
GCA_001898225.1	ASM189822v1	Chloroflexi_bin_54-19	Chloroflexi bin 54-19	ftp://ftp.ncbi.nlm.nih.gov/genomes/all/GCA/001/898/225/GCA_001898225.1_ASM189822v1	GenBank	Chloroflexota	d__Bacteria; p__Chloroflexi; c__; o__; f__; g__; s__	d__Bacteria; p__Chloroflexota; c__Chloroflexia; o__54-19; f__54-19; g__54-19; s__54-19 sp001898225	Chloroflexi bacterium 54-19 (GNS bacteria)	Chloroflexi bacterium 54-19	54-19
GCA_003243865.1	ASM324386v1	Chloroflexi_RRmetagenome_bin16	Chloroflexi RRmetagenome_bin16	ftp://ftp.ncbi.nlm.nih.gov/genomes/all/GCA/003/243/865/GCA_003243865.1_ASM324386v1	GenBank	Chloroflexota	d__Bacteria; p__Chloroflexi; c__; o__; f__; g__; s__	d__Bacteria; p__Chloroflexota; c__Chloroflexia; o__54-19; f__QHBQ01; g__QHBQ01; s__QHBQ01 sp003243865	Chloroflexi bacterium (GNS bacteria)	Chloroflexi bacterium	RRmetagenome_bin16
GCA_003696945.1	ASM369694v1	Chloroflexi_bin_J036	Chloroflexi bin J036	ftp://ftp.ncbi.nlm.nih.gov/genomes/all/GCA/003/696/945/GCA_003696945.1_ASM369694v1	GenBank	Chloroflexota			Chloroflexi bacterium (GNS bacteria)	Chloroflexi bacterium	J036
GCA_002794645.1	ASM279464v1	Ca_Thermofonsia_bin_JP3-7	Ca. Thermofonsia bin JP3-7	ftp://ftp.ncbi.nlm.nih.gov/genomes/all/GCA/002/794/645/GCA_002794645.1_ASM279464v1	GenBank	Chloroflexota			Candidatus Thermofonsia Clade 3 bacterium (GNS bacteria)	Candidatus Thermofonsia Clade 3 bacterium	JP3_7
GCA_002794505.1	ASM279450v1	Ca_Thermofonsia_bin_JP1-20	Ca. Thermofonsia bin JP1-20	ftp://ftp.ncbi.nlm.nih.gov/genomes/all/GCA/002/794/505/GCA_002794505.1_ASM279450v1	GenBank	Chloroflexota			Candidatus Thermofonsia Clade 2 bacterium (GNS bacteria)	Candidatus Thermofonsia Clade 2 bacterium	JP1_20
GCA_002794515.1	ASM279451v1	Ca_Thermofonsia_bin_CP2-20G	Ca. Thermofonsia bin CP2-20G	ftp://ftp.ncbi.nlm.nih.gov/genomes/all/GCA/002/794/515/GCA_002794515.1_ASM279451v1	GenBank	Chloroflexota			Candidatus Thermofonsia Clade 2 bacterium (GNS bacteria)	Candidatus Thermofonsia Clade 2 bacterium	CP2_20G
GCA_002794595.1	ASM279459v1	Ca_Thermofonsia_bin_JP1-8	Ca. Thermofonsia bin JP1-8	ftp://ftp.ncbi.nlm.nih.gov/genomes/all/GCA/002/794/595/GCA_002794595.1_ASM279459v1	GenBank	Chloroflexota			Candidatus Thermofonsia Clade 2 bacterium (GNS bacteria)	Candidatus Thermofonsia Clade 2 bacterium	JP1_8
GCA_002794695.1	ASM279469v1	Ca_Thermofonsia_bin_CP2-42A	Ca. Thermofonsia bin CP2-42A	ftp://ftp.ncbi.nlm.nih.gov/genomes/all/GCA/002/794/695/GCA_002794695.1_ASM279469v1	GenBank	Chloroflexota			Candidatus Thermofonsia Clade 2 bacterium (GNS bacteria)	Candidatus Thermofonsia Clade 2 bacterium	CP2_42A
GCA_002794585.1	ASM279458v1	Ca_Thermofonsia_bin_JP1-16	Ca. Thermofonsia bin JP1-16	ftp://ftp.ncbi.nlm.nih.gov/genomes/all/GCA/002/794/585/GCA_002794585.1_ASM279458v1	GenBank	Chloroflexota			Candidatus Thermofonsia Clade 2 bacterium (GNS bacteria)	Candidatus Thermofonsia Clade 2 bacterium	JP1_16
GCA_002794555.1	ASM279455v1	Ca_Thermofonsia_bin_JP3-13	Ca. Thermofonsia bin JP3-13	ftp://ftp.ncbi.nlm.nih.gov/genomes/all/GCA/002/794/555/GCA_002794555.1_ASM279455v1	GenBank	Chloroflexota			Candidatus Thermofonsia Clade 1 bacterium (GNS bacteria)	Candidatus Thermofonsia Clade 1 bacterium	JP3_13
GCA_002794615.1	ASM279461v1	Ca_Thermofonsia_bin_CP1-1M	Ca. Thermofonsia bin CP1-1M	ftp://ftp.ncbi.nlm.nih.gov/genomes/all/GCA/002/794/615/GCA_002794615.1_ASM279461v1	GenBank	Chloroflexota			Candidatus Thermofonsia Clade 1 bacterium (GNS bacteria)	Candidatus Thermofonsia Clade 1 bacterium	CP1_1M
GCF_000199675.1	ASM19967v1	Anaerolinea_thermophila_UNI-1	Anaerolinea thermophila UNI-1	ftp://ftp.ncbi.nlm.nih.gov/genomes/all/GCF/000/199/675/GCF_000199675.1_ASM19967v1	RefSeq	Chloroflexota	d__Bacteria; p__Chloroflexi; c__Anaerolineae; o__Anaerolineales; f__Anaerolineaceae; g__Anaerolinea; s__Anaerolinea thermophila	d__Bacteria; p__Chloroflexota; c__Anaerolineae; o__Anaerolineales; f__Anaerolineaceae; g__Anaerolinea; s__Anaerolinea thermophila	Anaerolinea thermophila UNI-1 (GNS bacteria)	Anaerolinea thermophila	
GCF_001306055.1	ASM130605v1	Bellilinea_caldifistulae_GOMI-1	Bellilinea caldifistulae GOMI-1	ftp://ftp.ncbi.nlm.nih.gov/genomes/all/GCF/001/306/055/GCF_001306055.1_ASM130605v1	RefSeq	Chloroflexota	d__Bacteria; p__Chloroflexi; c__Anaerolineae; o__Anaerolineales; f__Anaerolineaceae; g__Bellilinea; s__Bellilinea caldifistulae	d__Bacteria; p__Chloroflexota; c__Anaerolineae; o__Anaerolineales; f__Anaerolineaceae; g__Bellilinea; s__Bellilinea caldifistulae	Bellilinea caldifistulae (GNS bacteria)	Bellilinea caldifistulae	
GCF_900184705.1	CAMBI-1	Brevefilum_fermentans_CAMBI-1	Brevefilum fermentans CAMBI-1	ftp://ftp.ncbi.nlm.nih.gov/genomes/all/GCF/900/184/705/GCF_900184705.1_CAMBI-1	RefSeq	Chloroflexota	d__Bacteria; p__Chloroflexi; c__Anaerolineae; o__Anaerolineales; f__Anaerolineaceae; g__Brevefilum; s__Brevefilum fermentans	d__Bacteria; p__Chloroflexota; c__Anaerolineae; o__Anaerolineales; f__Anaerolineaceae; g__Brevefilum; s__Brevefilum fermentans	Brevefilum fermentans (GNS bacteria)	Brevefilum fermentans	CAMBI-1
GCF_001192795.1	ASM119279v1	Flexilinea_flocculi_TC1	Flexilinea flocculi TC1	ftp://ftp.ncbi.nlm.nih.gov/genomes/all/GCF/001/192/795/GCF_001192795.1_ASM119279v1	RefSeq	Chloroflexota	d__Bacteria; p__Chloroflexi; c__Anaerolineae; o__Anaerolineales; f__Anaerolineaceae; g__Flexilinea; s__Flexilinea flocculi	d__Bacteria; p__Chloroflexota; c__Anaerolineae; o__Anaerolineales; f__Anaerolineaceae; g__Flexilinea; s__Flexilinea flocculi	Flexilinea flocculi (GNS bacteria)	Flexilinea flocculi	
GCF_001050275.1	ASM105027v1	Leptolinea_tardivitalis_YMTK-2	Leptolinea tardivitalis YMTK-2	ftp://ftp.ncbi.nlm.nih.gov/genomes/all/GCF/001/050/275/GCF_001050275.1_ASM105027v1	RefSeq	Chloroflexota	d__Bacteria; p__Chloroflexi; c__Anaerolineae; o__Anaerolineales; f__Anaerolineaceae; g__Leptolinea; s__Leptolinea tardivitalis	d__Bacteria; p__Chloroflexota; c__Anaerolineae; o__Anaerolineales; f__Anaerolineaceae; g__Leptolinea; s__Leptolinea tardivitalis	Leptolinea tardivitalis (GNS bacteria)	Leptolinea tardivitalis	
GCF_001306035.1	ASM130603v1	Levilinea_saccharolytica_KIBI-1	Levilinea saccharolytica KIBI-1	ftp://ftp.ncbi.nlm.nih.gov/genomes/all/GCF/001/306/035/GCF_001306035.1_ASM130603v1	RefSeq	Chloroflexota	d__Bacteria; p__Chloroflexi; c__Anaerolineae; o__Anaerolineales; f__Anaerolineaceae; g__Levilinea; s__Levilinea saccharolytica	d__Bacteria; p__Chloroflexota; c__Anaerolineae; o__Anaerolineales; f__Anaerolineaceae; g__Levilinea; s__Levilinea saccharolytica	Levilinea saccharolytica (GNS bacteria)	Levilinea saccharolytica	
GCF_001306115.1	ASM130611v1	Ornatilinea_apprima_P3M-1	Ornatilinea apprima P3M-1	ftp://ftp.ncbi.nlm.nih.gov/genomes/all/GCF/001/306/115/GCF_001306115.1_ASM130611v1	RefSeq	Chloroflexota	d__Bacteria; p__Chloroflexi; c__Anaerolineae; o__Anaerolineales; f__Anaerolineaceae; g__Ornatilinea; s__Ornatilinea apprima	d__Bacteria; p__Chloroflexota; c__Anaerolineae; o__Anaerolineales; f__Anaerolineaceae; g__Ornatilinea; s__Ornatilinea apprima	Ornatilinea apprima (GNS bacteria)	Ornatilinea apprima	
GCF_001306145.1	ASM130614v1	Thermanaerothrix_daxensis_GNS-1	Thermanaerothrix daxensis GNS-1	ftp://ftp.ncbi.nlm.nih.gov/genomes/all/GCF/001/306/145/GCF_001306145.1_ASM130614v1	RefSeq	Chloroflexota	d__Bacteria; p__Chloroflexi; c__Anaerolineae; o__Anaerolineales; f__Anaerolineaceae; g__Thermanaerothrix; s__Thermanaerothrix daxensis	d__Bacteria; p__Chloroflexota; c__Anaerolineae; o__Anaerolineales; f__Anaerolineaceae; g__Thermanaerothrix; s__Thermanaerothrix daxensis	Thermanaerothrix daxensis (GNS bacteria)	Thermanaerothrix daxensis	
GCF_001306175.1	ASM130617v1	Ardenticatena_maritima_110S	Ardenticatena maritima 110S	ftp://ftp.ncbi.nlm.nih.gov/genomes/all/GCF/001/306/175/GCF_001306175.1_ASM130617v1	RefSeq	Chloroflexota	d__Bacteria; p__Chloroflexi; c__Ardenticatenia; o__Ardenticatenales; f__Ardenticatenaceae; g__Ardenticatena; s__Ardenticatena maritima	d__Bacteria; p__Chloroflexota; c__Anaerolineae; o__Ardenticatenales; f__Ardenticatenaceae; g__Ardenticatena; s__Ardenticatena maritima	Ardenticatena maritima (GNS bacteria)	Ardenticatena maritima	
GCF_000281175.1	ASM28117v1	Caldilinea_aerophila_DSM_14535	Caldilinea aerophila DSM 14535	ftp://ftp.ncbi.nlm.nih.gov/genomes/all/GCF/000/281/175/GCF_000281175.1_ASM28117v1	RefSeq	Chloroflexota	d__Bacteria; p__Chloroflexi; c__Caldilineae; o__Caldilineales; f__Caldilineaceae; g__Caldilinea; s__Caldilinea aerophila	d__Bacteria; p__Chloroflexota; c__Anaerolineae; o__Caldilineales; f__Caldilineaceae; g__Caldilinea; s__Caldilinea aerophila	Caldilinea aerophila DSM 14535 = NBRC 104270 (GNS bacteria)	Caldilinea aerophila	
GCA_002148365.1	ASM214836v1	Litorilinea_aerophila_PRI-413	Litorilinea aerophila PRI-413	ftp://ftp.ncbi.nlm.nih.gov/genomes/all/GCA/002/148/365/GCA_002148365.1_ASM214836v1	GenBank	Chloroflexota	d__Bacteria; p__Chloroflexi; c__Caldilineae; o__Caldilineales; f__Caldilineaceae; g__Litorilinea; s__Litorilinea aerophila	d__Bacteria; p__Chloroflexota; c__Anaerolineae; o__Caldilineales; f__Caldilineaceae; g__Litorilinea; s__Litorilinea aerophila	Litorilinea aerophila (GNS bacteria)	Litorilinea aerophila	
GCF_900066015.1	Cfx-K	Ca_Promineofilum_breve_Cfx-K	Ca. Promineofilum breve Cfx-K	ftp://ftp.ncbi.nlm.nih.gov/genomes/all/GCF/900/066/015/GCF_900066015.1_Cfx-K	RefSeq	Chloroflexota	d__Bacteria; p__Chloroflexi; c__Ardenticatenia; o__Ardenticatenales; f__Ardenticatenaceae; g__Candidatus Promineofilum; s__Candidatus Promineofilum breve	d__Bacteria; p__Chloroflexota; c__Anaerolineae; o__Promineofilales; f__Promineofilaceae; g__Promineofilum; s__Promineofilum breve	Candidatus Promineofilum breve (GNS bacteria)	Candidatus Promineofilum breve	
GCF_900187885.1	IMG-taxon 2140918011 annotated assembly	Thermoflexus_hugenholtzii_JAD2	Thermoflexus hugenholtzii JAD2	ftp://ftp.ncbi.nlm.nih.gov/genomes/all/GCF/900/187/885/GCF_900187885.1_IMG-taxon_2140918011_annotated_assembly	RefSeq	Chloroflexota	d__Bacteria; p__Chloroflexi; c__Thermoflexia; o__Thermoflexales; f__Thermoflexaceae; g__Thermoflexus; s__Thermoflexus hugenholtzii	d__Bacteria; p__Chloroflexota; c__Anaerolineae; o__Thermoflexales; f__Thermoflexaceae; g__Thermoflexus; s__Thermoflexus hugenholtzii	Thermoflexus hugenholtzii JAD2 (GNS bacteria)	Thermoflexus hugenholtzii	
GCF_000021945.1	ASM2194v1	Chloroflexus_aggregans_DSM_9485	Chloroflexus aggregans DSM 9485	ftp://ftp.ncbi.nlm.nih.gov/genomes/all/GCF/000/021/945/GCF_000021945.1_ASM2194v1	RefSeq	Chloroflexota	d__Bacteria; p__Chloroflexi; c__Chloroflexia; o__Chloroflexales; f__Chloroflexaceae; g__Chloroflexus; s__Chloroflexus aggregans	d__Bacteria; p__Chloroflexota; c__Chloroflexia; o__Chloroflexales; f__Chloroflexaceae; g__Chloroflexus; s__Chloroflexus aggregans	Chloroflexus aggregans DSM 9485 (GNS bacteria)	Chloroflexus aggregans	
GCF_000018865.1	ASM1886v1	Chloroflexus_aurantiacus_J-10-fl	Chloroflexus aurantiacus J-10-fl	ftp://ftp.ncbi.nlm.nih.gov/genomes/all/GCF/000/018/865/GCF_000018865.1_ASM1886v1	RefSeq	Chloroflexota	d__Bacteria; p__Chloroflexi; c__Chloroflexia; o__Chloroflexales; f__Chloroflexaceae; g__Chloroflexus; s__Chloroflexus aurantiacus	d__Bacteria; p__Chloroflexota; c__Chloroflexia; o__Chloroflexales; f__Chloroflexaceae; g__Chloroflexus; s__Chloroflexus aurantiacus	Chloroflexus aurantiacus J-10-fl (GNS bacteria)	Chloroflexus aurantiacus	
GCF_001650695.1	ASM165069v1	Chloroflexus_islandicus_isl-2	Chloroflexus islandicus isl-2	ftp://ftp.ncbi.nlm.nih.gov/genomes/all/GCF/001/650/695/GCF_001650695.1_ASM165069v1	RefSeq	Chloroflexota	d__Bacteria; p__Chloroflexi; c__Chloroflexia; o__Chloroflexales; f__Chloroflexaceae; g__Chloroflexus; s__Chloroflexus islandicus	d__Bacteria; p__Chloroflexota; c__Chloroflexia; o__Chloroflexales; f__Chloroflexaceae; g__Chloroflexus; s__Chloroflexus islandicus	Chloroflexus islandicus (GNS bacteria)	Chloroflexus islandicus	
GCF_000516515.1	ASM51651v1	Chloroflexus_sp_Y-396-1	Chloroflexus sp. Y-396-1	ftp://ftp.ncbi.nlm.nih.gov/genomes/all/GCF/000/516/515/GCF_000516515.1_ASM51651v1	RefSeq	Chloroflexota	d__Bacteria; p__Chloroflexi; c__Chloroflexia; o__Chloroflexales; f__Chloroflexaceae; g__Chloroflexus; s__	d__Bacteria; p__Chloroflexota; c__Chloroflexia; o__Chloroflexales; f__Chloroflexaceae; g__Chloroflexus; s__Chloroflexus sp000516515	Chloroflexus sp. Y-396-1 (GNS bacteria)	Chloroflexus sp. Y-396-1	
GCF_000735195.1	ASM73519v1	Chloroflexus_sp_MS-G	Chloroflexus sp. MS-G	ftp://ftp.ncbi.nlm.nih.gov/genomes/all/GCF/000/735/195/GCF_000735195.1_ASM73519v1	RefSeq	Chloroflexota	d__Bacteria; p__Chloroflexi; c__Chloroflexia; o__Chloroflexales; f__Chloroflexaceae; g__Chloroflexus; s__	d__Bacteria; p__Chloroflexota; c__Chloroflexia; o__Chloroflexales; f__Chloroflexaceae; g__Chloroflexus; s__Chloroflexus sp000735195	Chloroflexus sp. MS-G (GNS bacteria)	Chloroflexus sp. MS-G	
GCF_002532075.1	ASM253207v1	Ca_Chloroploca_asiatica_B7-9	Ca. Chloroploca asiatica B7-9	ftp://ftp.ncbi.nlm.nih.gov/genomes/all/GCF/002/532/075/GCF_002532075.1_ASM253207v1	RefSeq	Chloroflexota	d__Bacteria; p__Chloroflexi; c__Chloroflexia; o__Chloroflexales; f__Oscillochloridaceae; g__Candidatus Chloroploca; s__Candidatus Chloroploca asiatica	d__Bacteria; p__Chloroflexota; c__Chloroflexia; o__Chloroflexales; f__Chloroflexaceae; g__Chloroploca; s__Chloroploca asiatica	Candidatus Chloroploca asiatica (GNS bacteria)	Candidatus Chloroploca asiatica	
GCF_002532535.1	ASM253253v1	Ca_Viridilinea_mediisalina_Kir15-3F	Ca. Viridilinea mediisalina Kir15-3F	ftp://ftp.ncbi.nlm.nih.gov/genomes/all/GCF/002/532/535/GCF_002532535.1_ASM253253v1	RefSeq	Chloroflexota	d__Bacteria; p__Chloroflexi; c__; o__; f__; g__; s__	d__Bacteria; p__Chloroflexota; c__Chloroflexia; o__Chloroflexales; f__Chloroflexaceae; g__Chloroploca; s__Chloroploca sp002532535	Candidatus Viridilinea mediisalina (GNS bacteria)	Candidatus Viridilinea mediisalina	
GCA_003934145.1	ASM393414v1	Ca_Viridilinea_halotolerans_Chok-6	Ca. Viridilinea halotolerans Chok-6	ftp://ftp.ncbi.nlm.nih.gov/genomes/all/GCA/003/934/145/GCA_003934145.1_ASM393414v1	GenBank	Chloroflexota	d__Bacteria; p__Chloroflexi; c__Chloroflexia; o__Chloroflexales; f__; g__; s__		Candidatus Viridilinea halotolerans (GNS bacteria)	Candidatus Viridilinea halotolerans	Chok-6
GCF_000152145.1	ASM15214v1	Oscillochloris_trichoides_DG-6	Oscillochloris trichoides DG-6	ftp://ftp.ncbi.nlm.nih.gov/genomes/all/GCF/000/152/145/GCF_000152145.1_ASM15214v1	RefSeq	Chloroflexota	d__Bacteria; p__Chloroflexi; c__Chloroflexia; o__Chloroflexales; f__Oscillochloridaceae; g__Oscillochloris; s__Oscillochloris trichoides	d__Bacteria; p__Chloroflexota; c__Chloroflexia; o__Chloroflexales; f__Chloroflexaceae; g__Oscillochloris; s__Oscillochloris trichoides	Oscillochloris trichoides DG-6 (GNS bacteria)	Oscillochloris trichoides	
GCF_004138135.1	ASM413813v1	Ca_Oscillochloris_fontis_Chuk17	Ca. Oscillochloris fontis Chuk17	ftp://ftp.ncbi.nlm.nih.gov/genomes/all/GCF/004/138/135/GCF_004138135.1_ASM413813v1	RefSeq	Chloroflexota	d__Bacteria; p__Chloroflexi; c__Chloroflexia; o__Chloroflexales; f__Oscillochloridaceae; g__Oscillochloris; s__Oscillochloris fontis	NA	Candidatus Oscillochloris fontis (GNS bacteria)	Candidatus Oscillochloris fontis	
GCF_000018565.1	ASM1856v1	Herpetosiphon_aurantiacus_DSM_785	Herpetosiphon aurantiacus DSM 785	ftp://ftp.ncbi.nlm.nih.gov/genomes/all/GCF/000/018/565/GCF_000018565.1_ASM1856v1	RefSeq	Chloroflexota	d__Bacteria; p__Chloroflexi; c__Chloroflexia; o__Herpetosiphonales; f__Herpetosiphonaceae; g__Herpetosiphon; s__Herpetosiphon aurantiacus	d__Bacteria; p__Chloroflexota; c__Chloroflexia; o__Chloroflexales; f__Herpetosiphonaceae; g__Herpetosiphon; s__Herpetosiphon aurantiacus	Herpetosiphon aurantiacus DSM 785 (GNS bacteria)	Herpetosiphon aurantiacus	
GCF_001306135.1	ASM130613v1	Herpetosiphon_geysericola_DSM_7119	Herpetosiphon geysericola DSM 7119	ftp://ftp.ncbi.nlm.nih.gov/genomes/all/GCF/001/306/135/GCF_001306135.1_ASM130613v1	RefSeq	Chloroflexota	d__Bacteria; p__Chloroflexi; c__Chloroflexia; o__Herpetosiphonales; f__Herpetosiphonaceae; g__Herpetosiphon; s__Herpetosiphon geysericola	d__Bacteria; p__Chloroflexota; c__Chloroflexia; o__Chloroflexales; f__Herpetosiphonaceae; g__Herpetosiphon; s__Herpetosiphon geysericola	Herpetosiphon geysericola (GNS bacteria)	Herpetosiphon geysericola	
GCF_003205875.1	ASM320587v1	Herpetosiphon_llansteffanense_CA052B	Herpetosiphon llansteffanense CA052B	ftp://ftp.ncbi.nlm.nih.gov/genomes/all/GCF/003/205/875/GCF_003205875.1_ASM320587v1	RefSeq	Chloroflexota	d__Bacteria; p__Chloroflexi; c__Chloroflexia; o__Herpetosiphonales; f__Herpetosiphonaceae; g__Herpetosiphon; s__	d__Bacteria; p__Chloroflexota; c__Chloroflexia; o__Chloroflexales; f__Herpetosiphonaceae; g__Herpetosiphon; s__Herpetosiphon sp003205875	Herpetosiphon llansteffanensis (GNS bacteria)	Herpetosiphon llansteffanensis	
GCF_000526415.1	ASM52641v1	Kallotenue_papyrolyticum_JKG1T	Kallotenue papyrolyticum JKG1T	ftp://ftp.ncbi.nlm.nih.gov/genomes/all/GCF/000/526/415/GCF_000526415.1_ASM52641v1	RefSeq	Chloroflexota	d__Bacteria; p__; c__; o__; f__; g__; s__	d__Bacteria; p__Chloroflexota; c__Chloroflexia; o__Chloroflexales; f__Herpetosiphonaceae; g__JKG1; s__JKG1 sp000526415	bacterium JKG1 (bacteria)	bacterium JKG1	
GCF_000017805.1	ASM1780v1	Roseiflexus_castenholzii_DSM_13941	Roseiflexus castenholzii DSM 13941	ftp://ftp.ncbi.nlm.nih.gov/genomes/all/GCF/000/017/805/GCF_000017805.1_ASM1780v1	RefSeq	Chloroflexota	d__Bacteria; p__Chloroflexi; c__Chloroflexia; o__Chloroflexales; f__Roseiflexaceae; g__Roseiflexus; s__Roseiflexus castenholzii	d__Bacteria; p__Chloroflexota; c__Chloroflexia; o__Chloroflexales; f__Roseiflexaceae; g__Roseiflexus; s__Roseiflexus castenholzii	Roseiflexus castenholzii DSM 13941 (GNS bacteria)	Roseiflexus castenholzii	
GCF_000016665.1	ASM1666v1	Roseiflexus_sp_RS-1	Roseiflexus sp. RS-1	ftp://ftp.ncbi.nlm.nih.gov/genomes/all/GCF/000/016/665/GCF_000016665.1_ASM1666v1	RefSeq	Chloroflexota	d__Bacteria; p__Chloroflexi; c__Chloroflexia; o__Chloroflexales; f__Roseiflexaceae; g__Roseiflexus; s__	d__Bacteria; p__Chloroflexota; c__Chloroflexia; o__Chloroflexales; f__Roseiflexaceae; g__Roseiflexus; s__Roseiflexus sp000016665	Roseiflexus sp. RS-1 (GNS bacteria)	Roseiflexus sp. RS-1	
GCA_001399705.1	ASM139970v1	Kouleothrix_aurantiaca_COM-B	Kouleothrix aurantiaca COM-B	ftp://ftp.ncbi.nlm.nih.gov/genomes/all/GCA/001/399/705/GCA_001399705.1_ASM139970v1	GenBank	Chloroflexota	d__Bacteria; p__Chloroflexi; c__; o__; f__; g__Kouleothrix; s__Kouleothrix aurantiaca	d__Bacteria; p__Chloroflexota; c__Chloroflexia; o__Chloroflexales; f__Roseiflexaceae; g__Kouleothrix; s__Kouleothrix aurantiaca	Kouleothrix aurantiaca (GNS bacteria)	Kouleothrix aurantiaca	
GCF_000025005.1	ASM2500v1	Thermobaculum_terrenum_ATCC_BAA-798	Thermobaculum terrenum ATCC BAA-798	ftp://ftp.ncbi.nlm.nih.gov/genomes/all/GCF/000/025/005/GCF_000025005.1_ASM2500v1	RefSeq	Chloroflexota	d__Bacteria; p__; c__; o__; f__; g__Thermobaculum; s__Thermobaculum terrenum	d__Bacteria; p__Chloroflexota; c__Chloroflexia; o__Thermobaculales; f__Thermobaculaceae; g__Thermobaculum; s__Thermobaculum terrenum	Thermobaculum terrenum ATCC BAA-798 (bacteria)	Thermobaculum terrenum	
GCF_000297255.1	ASM29725v1	Nitrolancea_hollandica_Lb	Nitrolancea hollandica Lb	ftp://ftp.ncbi.nlm.nih.gov/genomes/all/GCF/000/297/255/GCF_000297255.1_ASM29725v1	RefSeq	Chloroflexota	d__Bacteria; p__Chloroflexi; c__Thermomicrobia; o__Sphaerobacterales; f__Sphaerobacteraceae; g__Nitrolancea; s__Nitrolancea hollandica	d__Bacteria; p__Chloroflexota; c__Chloroflexia; o__Thermomicrobiales; f__Thermomicrobiaceae; g__Nitrolancea; s__Nitrolancea hollandica	Nitrolancea hollandica Lb (GNS bacteria)	Nitrolancea hollandica	
GCF_000024985.1	ASM2498v1	Sphaerobacter_thermophilus_DSM_20745	Sphaerobacter thermophilus DSM 20745	ftp://ftp.ncbi.nlm.nih.gov/genomes/all/GCF/000/024/985/GCF_000024985.1_ASM2498v1	RefSeq	Chloroflexota	d__Bacteria; p__Chloroflexi; c__Thermomicrobia; o__Sphaerobacterales; f__Sphaerobacteraceae; g__Sphaerobacter; s__Sphaerobacter thermophilus	d__Bacteria; p__Chloroflexota; c__Chloroflexia; o__Thermomicrobiales; f__Thermomicrobiaceae; g__Sphaerobacter; s__Sphaerobacter thermophilus	Sphaerobacter thermophilus DSM 20745 (GNS bacteria)	Sphaerobacter thermophilus	
GCF_000021685.1	ASM2168v1	Thermomicrobium_roseum_DSM_5159	Thermomicrobium roseum DSM 5159	ftp://ftp.ncbi.nlm.nih.gov/genomes/all/GCF/000/021/685/GCF_000021685.1_ASM2168v1	RefSeq	Chloroflexota	d__Bacteria; p__Chloroflexi; c__Thermomicrobia; o__Thermomicrobiales; f__Thermomicrobiaceae; g__Thermomicrobium; s__Thermomicrobium roseum	d__Bacteria; p__Chloroflexota; c__Chloroflexia; o__Thermomicrobiales; f__Thermomicrobiaceae; g__Thermomicrobium; s__Thermomicrobium roseum	Thermomicrobium roseum DSM 5159 (GNS bacteria)	Thermomicrobium roseum	
GCF_000744775.1	ASM74477v1	Thermorudis_peleae_KI4	Thermorudis peleae KI4	ftp://ftp.ncbi.nlm.nih.gov/genomes/all/GCF/000/744/775/GCF_000744775.1_ASM74477v1	RefSeq	Chloroflexota	d__Bacteria; p__Chloroflexi; c__Thermomicrobia; o__; f__; g__Thermorudis; s__Thermorudis peleae	d__Bacteria; p__Chloroflexota; c__Chloroflexia; o__Thermomicrobiales; f__Thermomicrobiaceae; g__Thermorudis; s__Thermorudis peleae	Thermorudis peleae (GNS bacteria)	Thermorudis peleae	
GCF_000830885.1	ASM83088v1	Dehalococcoides_mccartyi_CG5	Dehalococcoides mccartyi CG5	ftp://ftp.ncbi.nlm.nih.gov/genomes/all/GCF/000/830/885/GCF_000830885.1_ASM83088v1	RefSeq	Chloroflexota	d__Bacteria; p__Chloroflexi; c__Dehalococcoidia; o__Dehalococcoidales; f__Dehalococcoidaceae; g__Dehalococcoides; s__Dehalococcoides mccartyi	d__Bacteria; p__Chloroflexota; c__Dehalococcoidia; o__Dehalococcoidales; f__Dehalococcoidaceae; g__Dehalococcoides; s__Dehalococcoides mccartyi_B	Dehalococcoides mccartyi CG5 (GNS bacteria)	Dehalococcoides mccartyi	
GCF_000143165.1	ASM14316v1	Dehalogenimonas_lykanthroporepellens_BL-DC-9	Dehalogenimonas lykanthroporepellens BL-DC-9	ftp://ftp.ncbi.nlm.nih.gov/genomes/all/GCF/000/143/165/GCF_000143165.1_ASM14316v1	RefSeq	Chloroflexota	d__Bacteria; p__Chloroflexi; c__Dehalococcoidia; o__; f__; g__Dehalogenimonas; s__Dehalogenimonas lykanthroporepellens	d__Bacteria; p__Chloroflexota; c__Dehalococcoidia; o__Dehalococcoidales; f__Dehalococcoidaceae; g__Dehalogenimonas; s__Dehalogenimonas lykanthroporepellens	Dehalogenimonas lykanthroporepellens BL-DC-9 (GNS bacteria)	Dehalogenimonas lykanthroporepellens	
GCF_002563855.1	ASM256385v1	Thermoflexus_hugenholtzii_G233	Thermoflexus hugenholtzii G233	ftp://ftp.ncbi.nlm.nih.gov/genomes/all/GCF/002/563/855/GCF_002563855.1_ASM256385v1	RefSeq	Chloroflexota	d__Bacteria; p__Chloroflexi; c__Thermoflexia; o__Thermoflexales; f__Thermoflexaceae; g__Thermoflexus; s__Thermoflexus hugenholtzii	d__Bacteria; p__Chloroflexota; c__Dehalococcoidia; o__UBA2991; f__UBA2991; g__G233; s__G233 sp002563855	Thermoflexus hugenholtzii (GNS bacteria)	Thermoflexus hugenholtzii	
GCF_000178855.1	ASM17885v1	Ktedonobacter_racemifer_DSM_44963	Ktedonobacter racemifer DSM 44963	ftp://ftp.ncbi.nlm.nih.gov/genomes/all/GCF/000/178/855/GCF_000178855.1_ASM17885v1	RefSeq	Chloroflexota	d__Bacteria; p__Chloroflexi; c__Ktedonobacteria; o__Ktedonobacterales; f__Ktedonobacteraceae; g__Ktedonobacter; s__Ktedonobacter racemifer	d__Bacteria; p__Chloroflexota; c__Ktedonobacteria; o__Ktedonobacterales; f__Ktedonobacteraceae; g__Ktedonobacter; s__Ktedonobacter racemifer	Ktedonobacter racemifer DSM 44963 (GNS bacteria)	Ktedonobacter racemifer	
GCF_000702505.1	ASM70250v1	Thermogemmatispora_carboxidivorans_PM5	Thermogemmatispora carboxidivorans PM5	ftp://ftp.ncbi.nlm.nih.gov/genomes/all/GCF/000/702/505/GCF_000702505.1_ASM70250v1	RefSeq	Chloroflexota	d__Bacteria; p__Chloroflexi; c__Ktedonobacteria; o__Thermogemmatisporales; f__Thermogemmatisporaceae; g__Thermogemmatispora; s__Thermogemmatispora carboxidivorans	d__Bacteria; p__Chloroflexota; c__Ktedonobacteria; o__Ktedonobacterales; f__Ktedonobacteraceae; g__Thermogemmatispora; s__Thermogemmatispora carboxidivorans	Thermogemmatispora carboxidivorans (GNS bacteria)	Thermogemmatispora carboxidivorans	
GCF_003253565.1	ASM325356v1	Thermosporothrix_hazakensis_ATCC_BAA-1881	Thermosporothrix hazakensis ATCC BAA-1881	ftp://ftp.ncbi.nlm.nih.gov/genomes/all/GCF/003/253/565/GCF_003253565.1_ASM325356v1	RefSeq	Chloroflexota	d__Bacteria; p__Chloroflexi; c__Ktedonobacteria; o__Ktedonobacterales; f__Thermosporotrichaceae; g__Thermosporothrix; s__Thermosporothrix hazakensis	d__Bacteria; p__Chloroflexota; c__Ktedonobacteria; o__Ktedonobacterales; f__Ktedonobacteraceae; g__Thermosporothrix; s__Thermosporothrix hazakensis	Thermosporothrix hazakensis (GNS bacteria)	Thermosporothrix hazakensis	
GCF_000022685.1	ASM2268v1	Methylobacterium_extorquens_AM1_outgroup	Methylobacterium extorquens AM1 (outgroup)	ftp://ftp.ncbi.nlm.nih.gov/genomes/all/GCF/000/022/685/GCF_000022685.1_ASM2268v1	RefSeq	(outgroup)	d__Bacteria; p__Proteobacteria; c__Alphaproteobacteria; o__Rhizobiales; f__Methylobacteriaceae; g__Methylobacterium; s__Methylobacterium extorquens	d__Bacteria; p__Proteobacteria; c__Alphaproteobacteria; o__Rhizobiales; f__Beijerinckiaceae; g__Methylobacterium; s__Methylobacterium extorquens	Methylorubrum extorquens AM1 (a-proteobacteria)	Methylorubrum extorquens	
GCF_000724175.1	ASM72417v1	Ca_Thermochlorobacteriaceae_bin_GBChlB	Ca. Thermochlorobacteriaceae bin GBChlB	ftp://ftp.ncbi.nlm.nih.gov/genomes/all/GCF/000/724/175/GCF_000724175.1_ASM72417v1	RefSeq	Bacteroidota (Chlorobia)	d__Bacteria; p__Chlorobi; c__Chlorobia; o__Chlorobiales; f__Candidatus Thermochlorobacteriaceae; g__; s__	d__Bacteria; p__Bacteroidota; c__Chlorobia; o__Chlorobiales; f__Chloroherpetonaceae; g__GBChlB; s__GBChlB sp000724175	Candidatus Thermochlorobacteriaceae bacterium GBChlB (green sulfur bacteria)	Candidatus Thermochlorobacteriaceae bacterium GBChlB	
GCA_001622165.1	ASM162216v1	Chlorobium_luteolum_CIII	Chlorobium luteolum CIII	ftp://ftp.ncbi.nlm.nih.gov/genomes/all/GCA/001/622/165/GCA_001622165.1_ASM162216v1	GenBank	Bacteroidota (Chlorobia)	d__Bacteria; p__Chlorobi; c__Chlorobia; o__Chlorobiales; f__Chlorobiaceae; g__Pelodictyon; s__Pelodictyon luteolum	d__Bacteria; p__Bacteroidota; c__Chlorobia; o__Chlorobiales; f__Chlorobiaceae; g__Chlorobium; s__Chlorobium luteolum_B	Pelodictyon luteolum (green sulfur bacteria)	Pelodictyon luteolum	CIII
GCA_002763895.1	ASM276389v1	Chlorobium_bin_445	Chlorobium bin 445	ftp://ftp.ncbi.nlm.nih.gov/genomes/all/GCA/002/763/895/GCA_002763895.1_ASM276389v1	GenBank	Bacteroidota (Chlorobia)	d__Bacteria; p__Chlorobi; c__Chlorobia; o__Chlorobiales; f__Chlorobiaceae; g__Chlorobium; s__	d__Bacteria; p__Bacteroidota; c__Chlorobia; o__Chlorobiales; f__Chloroherpetonaceae; g__Thermochlorobacter; s__Thermochlorobacter sp002763895	Chlorobium sp. 445 (green sulfur bacteria)	Chlorobium sp. 445	445
GCA_002794105.1	ASM279410v1	Ca_Thermochlorobacter_aerophilum_OS	Ca. Thermochlorobacter aerophilum OS	ftp://ftp.ncbi.nlm.nih.gov/genomes/all/GCA/002/794/105/GCA_002794105.1_ASM279410v1	GenBank	Bacteroidota (Chlorobia)	d__Bacteria; p__Chlorobi; c__Chlorobia; o__Chlorobiales; f__Candidatus Thermochlorobacteriaceae; g__Candidatus Thermochlorobacter; s__Candidatus Thermochlorobacter aerophilum	d__Bacteria; p__Bacteroidota; c__Chlorobia; o__Chlorobiales; f__Chloroherpetonaceae; g__Thermochlorobacter; s__Thermochlorobacter aerophilum	Candidatus Thermochlorobacter aerophilum (green sulfur bacteria)	Candidatus Thermochlorobacter aerophilum	OS
GCF_000006985.1	ASM698v1	Chlorobaculum_tepidum_TLS	Chlorobaculum tepidum TLS	ftp://ftp.ncbi.nlm.nih.gov/genomes/all/GCF/000/006/985/GCF_000006985.1_ASM698v1	RefSeq	Bacteroidota (Chlorobia)	d__Bacteria; p__Chlorobi; c__Chlorobia; o__Chlorobiales; f__Chlorobiaceae; g__Chlorobaculum; s__Chlorobaculum tepidum	d__Bacteria; p__Bacteroidota; c__Chlorobia; o__Chlorobiales; f__Chlorobiaceae; g__Chlorobaculum; s__Chlorobaculum tepidum	Chlorobaculum tepidum TLS (green sulfur bacteria)	Chlorobaculum tepidum	
GCF_000012485.1	ASM1248v1	Chlorobium_luteolum_DSM_273	Chlorobium luteolum DSM 273	ftp://ftp.ncbi.nlm.nih.gov/genomes/all/GCF/000/012/485/GCF_000012485.1_ASM1248v1	RefSeq	Bacteroidota (Chlorobia)	d__Bacteria; p__Chlorobi; c__Chlorobia; o__Chlorobiales; f__Chlorobiaceae; g__Pelodictyon; s__Pelodictyon luteolum	d__Bacteria; p__Bacteroidota; c__Chlorobia; o__Chlorobiales; f__Chlorobiaceae; g__Chlorobium; s__Chlorobium luteolum	Pelodictyon luteolum DSM 273 (green sulfur bacteria)	Pelodictyon luteolum	
GCF_000012585.1	ASM1258v1	Chlorobium_chlorochromatii_CaD3	Chlorobium chlorochromatii CaD3	ftp://ftp.ncbi.nlm.nih.gov/genomes/all/GCF/000/012/585/GCF_000012585.1_ASM1258v1	RefSeq	Bacteroidota (Chlorobia)	d__Bacteria; p__Chlorobi; c__Chlorobia; o__Chlorobiales; f__Chlorobiaceae; g__Chlorobium; s__Chlorobium chlorochromatii	d__Bacteria; p__Bacteroidota; c__Chlorobia; o__Chlorobiales; f__Chlorobiaceae; g__Chlorobium; s__Chlorobium chlorochromatii	"Chlorobium chlorochromatii CaD3 (epibiont of the phototrophic consortium ""Chlorochromatium aggregatum"")"	Chlorobium chlorochromatii	
GCF_000015125.1	ASM1512v1	Chlorobium_phaeobacteroides_DSM_266	Chlorobium phaeobacteroides DSM 266	ftp://ftp.ncbi.nlm.nih.gov/genomes/all/GCF/000/015/125/GCF_000015125.1_ASM1512v1	RefSeq	Bacteroidota (Chlorobia)	d__Bacteria; p__Chlorobi; c__Chlorobia; o__Chlorobiales; f__Chlorobiaceae; g__Chlorobium; s__Chlorobium phaeobacteroides	d__Bacteria; p__Bacteroidota; c__Chlorobia; o__Chlorobiales; f__Chlorobiaceae; g__Chlorobium; s__Chlorobium phaeobacteroides	Chlorobium phaeobacteroides DSM 266 (green sulfur bacteria)	Chlorobium phaeobacteroides	
GCF_000016085.1	ASM1608v1	Chlorobium_phaeovibrioides_DSM_265	Chlorobium phaeovibrioides DSM 265	ftp://ftp.ncbi.nlm.nih.gov/genomes/all/GCF/000/016/085/GCF_000016085.1_ASM1608v1	RefSeq	Bacteroidota (Chlorobia)	d__Bacteria; p__Chlorobi; c__Chlorobia; o__Chlorobiales; f__Chlorobiaceae; g__Chlorobium; s__Chlorobium phaeovibrioides	d__Bacteria; p__Bacteroidota; c__Chlorobia; o__Chlorobiales; f__Chlorobiaceae; g__Chlorobium; s__Chlorobium phaeovibrioides	Chlorobium phaeovibrioides DSM 265 (green sulfur bacteria)	Chlorobium phaeovibrioides	
GCF_000020465.1	ASM2046v1	Chlorobium_limicola_DSM_245	Chlorobium limicola DSM 245	ftp://ftp.ncbi.nlm.nih.gov/genomes/all/GCF/000/020/465/GCF_000020465.1_ASM2046v1	RefSeq	Bacteroidota (Chlorobia)	d__Bacteria; p__Chlorobi; c__Chlorobia; o__Chlorobiales; f__Chlorobiaceae; g__Chlorobium; s__Chlorobium limicola	d__Bacteria; p__Bacteroidota; c__Chlorobia; o__Chlorobiales; f__Chlorobiaceae; g__Chlorobium; s__Chlorobium limicola	Chlorobium limicola DSM 245 (green sulfur bacteria)	Chlorobium limicola	
GCF_000020505.1	ASM2050v1	Chlorobaculum_parvum_NCIB_8327	Chlorobaculum parvum NCIB 8327	ftp://ftp.ncbi.nlm.nih.gov/genomes/all/GCF/000/020/505/GCF_000020505.1_ASM2050v1	RefSeq	Bacteroidota (Chlorobia)	d__Bacteria; p__Chlorobi; c__Chlorobia; o__Chlorobiales; f__Chlorobiaceae; g__Chlorobaculum; s__Chlorobaculum parvum	d__Bacteria; p__Bacteroidota; c__Chlorobia; o__Chlorobiales; f__Chlorobiaceae; g__Chlorobaculum; s__Chlorobaculum parvum	Chlorobaculum parvum NCIB 8327 (green sulfur bacteria)	Chlorobaculum parvum	
GCF_000020525.1	ASM2052v1	Chloroherpeton_thalassium_ATCC_35110	Chloroherpeton thalassium ATCC 35110	ftp://ftp.ncbi.nlm.nih.gov/genomes/all/GCF/000/020/525/GCF_000020525.1_ASM2052v1	RefSeq	Bacteroidota (Chlorobia)	d__Bacteria; p__Chlorobi; c__Chlorobia; o__Chlorobiales; f__Chlorobiaceae; g__Chloroherpeton; s__Chloroherpeton thalassium	d__Bacteria; p__Bacteroidota; c__Chlorobia; o__Chlorobiales; f__Chloroherpetonaceae; g__Chloroherpeton; s__Chloroherpeton thalassium	Chloroherpeton thalassium ATCC 35110 (green sulfur bacteria)	Chloroherpeton thalassium	
GCF_000020545.1	ASM2054v1	Chlorobium_phaeobacteroides_BS1	Chlorobium phaeobacteroides BS1	ftp://ftp.ncbi.nlm.nih.gov/genomes/all/GCF/000/020/545/GCF_000020545.1_ASM2054v1	RefSeq	Bacteroidota (Chlorobia)	d__Bacteria; p__Chlorobi; c__Chlorobia; o__Chlorobiales; f__Chlorobiaceae; g__Chlorobium; s__Chlorobium phaeobacteroides	d__Bacteria; p__Bacteroidota; c__Chlorobia; o__Chlorobiales; f__Chlorobiaceae; g__Chlorobium_A; s__Chlorobium_A phaeobacteroides	Chlorobium phaeobacteroides BS1 (green sulfur bacteria)	Chlorobium phaeobacteroides	
GCF_000020625.1	ASM2062v1	Prosthecochloris_aestuarii_DSM_271	Prosthecochloris aestuarii DSM 271	ftp://ftp.ncbi.nlm.nih.gov/genomes/all/GCF/000/020/625/GCF_000020625.1_ASM2062v1	RefSeq	Bacteroidota (Chlorobia)	d__Bacteria; p__Chlorobi; c__Chlorobia; o__Chlorobiales; f__Chlorobiaceae; g__Prosthecochloris; s__Prosthecochloris aestuarii	d__Bacteria; p__Bacteroidota; c__Chlorobia; o__Chlorobiales; f__Chlorobiaceae; g__Prosthecochloris; s__Prosthecochloris aestuarii	Prosthecochloris aestuarii DSM 271 (green sulfur bacteria)	Prosthecochloris aestuarii	
GCF_000020645.1	ASM2064v1	Chlorobium_phaeoclathratiforme_BU-1	Chlorobium phaeoclathratiforme BU-1	ftp://ftp.ncbi.nlm.nih.gov/genomes/all/GCF/000/020/645/GCF_000020645.1_ASM2064v1	RefSeq	Bacteroidota (Chlorobia)	d__Bacteria; p__Chlorobi; c__Chlorobia; o__Chlorobiales; f__Chlorobiaceae; g__Pelodictyon; s__Pelodictyon phaeoclathratiforme	d__Bacteria; p__Bacteroidota; c__Chlorobia; o__Chlorobiales; f__Chlorobiaceae; g__Chlorobium; s__Chlorobium phaeoclathratiforme	Pelodictyon phaeoclathratiforme BU-1 (green sulfur bacteria)	Pelodictyon phaeoclathratiforme	
GCF_000168715.1	ASM16871v1	Chlorobium_ferrooxidans_DSM_13031	Chlorobium ferrooxidans DSM 13031	ftp://ftp.ncbi.nlm.nih.gov/genomes/all/GCF/000/168/715/GCF_000168715.1_ASM16871v1	RefSeq	Bacteroidota (Chlorobia)	d__Bacteria; p__Chlorobi; c__Chlorobia; o__Chlorobiales; f__Chlorobiaceae; g__Chlorobium; s__Chlorobium ferrooxidans	d__Bacteria; p__Bacteroidota; c__Chlorobia; o__Chlorobiales; f__Chlorobiaceae; g__Chlorobium; s__Chlorobium ferrooxidans	Chlorobium ferrooxidans DSM 13031 (green sulfur bacteria)	Chlorobium ferrooxidans	
GCF_001509575.1	ASM150957v1	Chlorobium_limicola_Frasassi	Chlorobium limicola Frasassi	ftp://ftp.ncbi.nlm.nih.gov/genomes/all/GCF/001/509/575/GCF_001509575.1_ASM150957v1	RefSeq	Bacteroidota (Chlorobia)	d__Bacteria; p__Chlorobi; c__Chlorobia; o__Chlorobiales; f__Chlorobiaceae; g__Chlorobium; s__Chlorobium limicola	d__Bacteria; p__Bacteroidota; c__Chlorobia; o__Chlorobiales; f__Chlorobiaceae; g__Chlorobium; s__Chlorobium limicola_A	Chlorobium limicola (green sulfur bacteria)	Chlorobium limicola	
GCF_001687065.1	ASM168706v1	Prosthecochloris_sp_CIB_2401	Prosthecochloris sp. CIB 2401	ftp://ftp.ncbi.nlm.nih.gov/genomes/all/GCF/001/687/065/GCF_001687065.1_ASM168706v1	RefSeq	Bacteroidota (Chlorobia)	d__Bacteria; p__Chlorobi; c__Chlorobia; o__Chlorobiales; f__Chlorobiaceae; g__Prosthecochloris; s__	d__Bacteria; p__Bacteroidota; c__Chlorobia; o__Chlorobiales; f__Chlorobiaceae; g__Prosthecochloris; s__Prosthecochloris sp001687065	Prosthecochloris sp. CIB 2401 (green sulfur bacteria)	Prosthecochloris sp. CIB 2401	
GCF_001747405.1	ASM174740v1	Chlorobaculum_limnaeum_DSM_1677	Chlorobaculum limnaeum DSM 1677	ftp://ftp.ncbi.nlm.nih.gov/genomes/all/GCF/001/747/405/GCF_001747405.1_ASM174740v1	RefSeq	Bacteroidota (Chlorobia)	d__Bacteria; p__Chlorobi; c__Chlorobia; o__Chlorobiales; f__Chlorobiaceae; g__Chlorobaculum; s__Chlorobaculum limnaeum	d__Bacteria; p__Bacteroidota; c__Chlorobia; o__Chlorobiales; f__Chlorobiaceae; g__Chlorobaculum; s__Chlorobaculum limnaeum	Chlorobaculum limnaeum (green sulfur bacteria)	Chlorobaculum limnaeum	
GCF_001975465.1	ASM197546v1	Ca_Chlorobium_phaeoferrooxidans_KB01	Ca. Chlorobium phaeoferrooxidans KB01	ftp://ftp.ncbi.nlm.nih.gov/genomes/all/GCF/001/975/465/GCF_001975465.1_ASM197546v1	RefSeq	Bacteroidota (Chlorobia)	d__Bacteria; p__Chlorobi; c__Chlorobia; o__Chlorobiales; f__Chlorobiaceae; g__Chlorobium; s__	d__Bacteria; p__Bacteroidota; c__Chlorobia; o__Chlorobiales; f__Chlorobiaceae; g__Chlorobium; s__Chlorobium ferrooxidans	Chlorobium sp. KB01 (green sulfur bacteria)	Chlorobium sp. KB01	
GCF_002113825.1	ASM211382v1	Prosthecochloris_sp_HL-130-GSB	Prosthecochloris sp. HL-130-GSB	ftp://ftp.ncbi.nlm.nih.gov/genomes/all/GCF/002/113/825/GCF_002113825.1_ASM211382v1	RefSeq	Bacteroidota (Chlorobia)	d__Bacteria; p__Chlorobi; c__Chlorobia; o__Chlorobiales; f__Chlorobiaceae; g__Prosthecochloris; s__	d__Bacteria; p__Bacteroidota; c__Chlorobia; o__Chlorobiales; f__Chlorobiaceae; g__Prosthecochloris; s__Prosthecochloris sp002113825	Prosthecochloris sp. HL-130-GSB (green sulfur bacteria)	Prosthecochloris sp. HL-130-GSB	
GCF_002240205.1	ASM224020v1	Prosthecochloris_sp_GSB1	Prosthecochloris sp. GSB1	ftp://ftp.ncbi.nlm.nih.gov/genomes/all/GCF/002/240/205/GCF_002240205.1_ASM224020v1	RefSeq	Bacteroidota (Chlorobia)	d__Bacteria; p__Chlorobi; c__Chlorobia; o__Chlorobiales; f__Chlorobiaceae; g__Prosthecochloris; s__	d__Bacteria; p__Bacteroidota; c__Chlorobia; o__Chlorobiales; f__Chlorobiaceae; g__Chlorobium_A; s__Chlorobium_A sp002240205	Prosthecochloris sp. GSB1 (green sulfur bacteria)	Prosthecochloris sp. GSB1	
GCF_003182595.1	ASM318259v1	Prosthecochloris_marina_V1	Prosthecochloris marina V1	ftp://ftp.ncbi.nlm.nih.gov/genomes/all/GCF/003/182/595/GCF_003182595.1_ASM318259v1	RefSeq	Bacteroidota (Chlorobia)	d__Bacteria; p__Chlorobi; c__Chlorobia; o__Chlorobiales; f__Chlorobiaceae; g__Prosthecochloris; s__	d__Bacteria; p__Bacteroidota; c__Chlorobia; o__Chlorobiales; f__Chlorobiaceae; g__Chlorobium_A; s__Chlorobium_A sp003182595	Prosthecochloris marina (green sulfur bacteria)	Prosthecochloris marina	
GCF_008634005.1	ASM863400v1	Chlorobium_phaeovibrioides_GrTcv12	Chlorobium phaeovibrioides GrTcv12	ftp://ftp.ncbi.nlm.nih.gov/genomes/all/GCF/008/634/005/GCF_008634005.1_ASM863400v1	RefSeq	Bacteroidota (Chlorobia)	d__Bacteria; p__Chlorobi; c__Chlorobia; o__Chlorobiales; f__Chlorobiaceae; g__Chlorobium; s__Chlorobium phaeovibrioides		Chlorobium phaeovibrioides (green sulfur bacteria)	Chlorobium phaeovibrioides	
GCF_008586845.1	ASM858684v1	Chlorobium_phaeovibrioides_PhvTcv-s14	Chlorobium phaeovibrioides PhvTcv-s14	ftp://ftp.ncbi.nlm.nih.gov/genomes/all/GCF/008/586/845/GCF_008586845.1_ASM858684v1	RefSeq	Bacteroidota (Chlorobia)	d__Bacteria; p__Chlorobi; c__Chlorobia; o__Chlorobiales; f__Chlorobiaceae; g__Chlorobium; s__Chlorobium phaeovibrioides		Chlorobium phaeovibrioides (green sulfur bacteria)	Chlorobium phaeovibrioides	
GCF_000226295.1	ASM22629v1	Chloracidobacterium_thermophilum_B	Chloracidobacterium thermophilum B	ftp://ftp.ncbi.nlm.nih.gov/genomes/all/GCF/000/226/295/GCF_000226295.1_ASM22629v1	RefSeq	Bacteroidota (Chlorobia)	d__Bacteria; p__Acidobacteria; c__Blastocatellia; o__; f__; g__Chloracidobacterium; s__Chloracidobacterium thermophilum	d__Bacteria; p__Acidobacteriota; c__Blastocatellia; o__Chloracidobacteriales; f__Chloracidobacteriaceae; g__Chloracidobacterium; s__Chloracidobacterium thermophilum	Chloracidobacterium thermophilum B (bacteria)	Chloracidobacterium thermophilum	
GCF_001482755.1	ASM148275v1	Chloracidobacterium_thermophilum_OC1	Chloracidobacterium thermophilum OC1	ftp://ftp.ncbi.nlm.nih.gov/genomes/all/GCF/001/482/755/GCF_001482755.1_ASM148275v1	RefSeq	Bacteroidota (Chlorobia)	d__Bacteria; p__Acidobacteria; c__Blastocatellia; o__; f__; g__Chloracidobacterium; s__Chloracidobacterium thermophilum	d__Bacteria; p__Acidobacteriota; c__Blastocatellia; o__Chloracidobacteriales; f__Chloracidobacteriaceae; g__Chloracidobacterium; s__Chloracidobacterium thermophilum_A	Chloracidobacterium thermophilum (bacteria)	Chloracidobacterium thermophilum	
GCA_002254845.1	ASM225484v1	Chloracidobacterium_sp_CP2_5A	Chloracidobacterium sp. CP2_5A	ftp://ftp.ncbi.nlm.nih.gov/genomes/all/GCA/002/254/845/GCA_002254845.1_ASM225484v1	GenBank	Bacteroidota (Chlorobia)	d__Bacteria; p__Acidobacteria; c__Blastocatellia; o__; f__; g__Chloracidobacterium; s__	d__Bacteria; p__Acidobacteriota; c__Blastocatellia; o__Chloracidobacteriales; f__Chloracidobacteriaceae; g__Chloracidobacterium; s__Chloracidobacterium sp002254845	Chloracidobacterium sp. CP2_5A (bacteria)	Chloracidobacterium sp. CP2_5A	CP2_5A
GCF_000019165.1	ASM1916v1	Heliobacterium_modesticaldum_Ice1	Heliobacterium modesticaldum Ice1	ftp://ftp.ncbi.nlm.nih.gov/genomes/all/GCF/000/019/165/GCF_000019165.1_ASM1916v1	RefSeq	Firmicutes (Heliobacteraceae)	d__Bacteria; p__Firmicutes; c__Clostridia; o__Clostridiales; f__Heliobacteriaceae; g__Heliobacterium; s__Heliobacterium modesticaldum	d__Bacteria; p__Firmicutes_B; c__Desulfitobacteriia; o__Heliobacteriales; f__Heliobacteriaceae; g__Heliobacterium; s__Heliobacterium modesticaldum	Heliobacterium modesticaldum Ice1 (firmicutes)	Heliobacterium modesticaldum	
GCF_000695095.2	ASM69509v2	Gemmatimonas_phototrophica_AP64	Gemmatimonas phototrophica AP64	ftp://ftp.ncbi.nlm.nih.gov/genomes/all/GCF/000/695/095/GCF_000695095.2_ASM69509v2	RefSeq	Gemmatimonadetes	d__Bacteria; p__Gemmatimonadetes; c__Gemmatimonadetes; o__Gemmatimonadales; f__Gemmatimonadaceae; g__Gemmatimonas; s__Gemmatimonas phototrophica	d__Bacteria; p__Gemmatimonadota; c__Gemmatimonadetes; o__Gemmatimonadales; f__Gemmatimonadaceae; g__Gemmatimonas; s__Gemmatimonas phototrophica	Gemmatimonas phototrophica (bacteria)	Gemmatimonas phototrophica	
GCF_000317145.1	ASM31714v1	Chamaesiphon_minutus_PCC_6605	Chamaesiphon minutus PCC 6605	ftp://ftp.ncbi.nlm.nih.gov/genomes/all/GCF/000/317/145/GCF_000317145.1_ASM31714v1	RefSeq	Cyanobacteria	d__Bacteria; p__Cyanobacteria; c__; o__Synechococcales; f__Chamaesiphonaceae; g__Chamaesiphon; s__Chamaesiphon minutus	d__Bacteria; p__Cyanobacteria; c__Cyanobacteriia; o__Cyanobacteriales; f__Chamaesiphonaceae; g__Chamaesiphon; s__Chamaesiphon minutus	Chamaesiphon minutus PCC 6605 (cyanobacteria)	Chamaesiphon minutus	
GCF_000952155.1	asmbly001	Aliterella_atlantica_CENA595	Aliterella atlantica CENA595	ftp://ftp.ncbi.nlm.nih.gov/genomes/all/GCF/000/952/155/GCF_000952155.1_asmbly001	RefSeq	Cyanobacteria	d__Bacteria; p__Cyanobacteria; c__; o__Chroococcidiopsidales; f__Chroococcidiopsidaceae; g__Aliterella; s__Aliterella atlantica	d__Bacteria; p__Cyanobacteria; c__Cyanobacteriia; o__Cyanobacteriales; f__Chroococcidiopsidaceae; g__Aliterella; s__Aliterella atlantica	Aliterella atlantica CENA595 (cyanobacteria)	Aliterella atlantica	
GCF_000317125.1	ASM31712v1	Chroococcidiopsis_thermalis_PCC_7203	Chroococcidiopsis thermalis PCC 7203	ftp://ftp.ncbi.nlm.nih.gov/genomes/all/GCF/000/317/125/GCF_000317125.1_ASM31712v1	RefSeq	Cyanobacteria	d__Bacteria; p__Cyanobacteria; c__; o__Chroococcidiopsidales; f__Chroococcidiopsidaceae; g__Chroococcidiopsis; s__Chroococcidiopsis thermalis	d__Bacteria; p__Cyanobacteria; c__Cyanobacteriia; o__Cyanobacteriales; f__Chroococcidiopsidaceae; g__Chroococcidiopsis; s__Chroococcidiopsis thermalis	Chroococcidiopsis thermalis PCC 7203 (cyanobacteria)	Chroococcidiopsis thermalis	
GCF_000211815.1	ASM21181v1	Moorea_producens_3L	Moorea producens 3L	ftp://ftp.ncbi.nlm.nih.gov/genomes/all/GCF/000/211/815/GCF_000211815.1_ASM21181v1	RefSeq	Cyanobacteria	d__Bacteria; p__Cyanobacteria; c__; o__Oscillatoriales; f__Oscillatoriaceae; g__Moorea; s__Moorea producens	d__Bacteria; p__Cyanobacteria; c__Cyanobacteriia; o__Cyanobacteriales; f__Coleofasciculaceae; g__Moorea; s__Moorea producens_C	Moorea producens 3L (cyanobacteria)	Moorea producens	
GCF_000317655.1	ASM31765v1	Cyanobacterium_stanieri_PCC_7202	Cyanobacterium stanieri PCC 7202	ftp://ftp.ncbi.nlm.nih.gov/genomes/all/GCF/000/317/655/GCF_000317655.1_ASM31765v1	RefSeq	Cyanobacteria	d__Bacteria; p__Cyanobacteria; c__; o__Chroococcales; f__Cyanobacteriaceae; g__Cyanobacterium; s__Cyanobacterium stanieri	d__Bacteria; p__Cyanobacteria; c__Cyanobacteriia; o__Cyanobacteriales; f__Cyanobacteriaceae; g__Cyanobacterium; s__Cyanobacterium stanieri	Cyanobacterium stanieri PCC 7202 (cyanobacteria)	Cyanobacterium stanieri	
GCF_000317675.1	ASM31767v1	Cyanobacterium_aponinum_PCC_10605	Cyanobacterium aponinum PCC 10605	ftp://ftp.ncbi.nlm.nih.gov/genomes/all/GCF/000/317/675/GCF_000317675.1_ASM31767v1	RefSeq	Cyanobacteria	d__Bacteria; p__Cyanobacteria; c__; o__Chroococcales; f__Cyanobacteriaceae; g__Cyanobacterium; s__Cyanobacterium aponinum	d__Bacteria; p__Cyanobacteria; c__Cyanobacteriia; o__Cyanobacteriales; f__Cyanobacteriaceae; g__Geminocystis; s__Geminocystis aponinum	Cyanobacterium aponinum PCC 10605 (cyanobacteria)	Cyanobacterium aponinum	
GCF_000167195.1	ASM16719v1	Crocosphaera_watsonii_WH_8501	Crocosphaera watsonii WH 8501	ftp://ftp.ncbi.nlm.nih.gov/genomes/all/GCF/000/167/195/GCF_000167195.1_ASM16719v1	RefSeq	Cyanobacteria	d__Bacteria; p__Cyanobacteria; c__; o__Chroococcales; f__Aphanothecaceae; g__Crocosphaera; s__Crocosphaera watsonii	d__Bacteria; p__Cyanobacteria; c__Cyanobacteriia; o__Cyanobacteriales; f__Microcystaceae; g__Crocosphaera; s__Crocosphaera watsonii	Crocosphaera watsonii WH 8501 (cyanobacteria)	Crocosphaera watsonii	
GCF_000010625.1	ASM1062v1	Microcystis_aeruginosa_NIES-843	Microcystis aeruginosa NIES-843	ftp://ftp.ncbi.nlm.nih.gov/genomes/all/GCF/000/010/625/GCF_000010625.1_ASM1062v1	RefSeq	Cyanobacteria	d__Bacteria; p__Cyanobacteria; c__; o__Chroococcales; f__Microcystaceae; g__Microcystis; s__Microcystis aeruginosa	d__Bacteria; p__Cyanobacteria; c__Cyanobacteriia; o__Cyanobacteriales; f__Microcystaceae; g__Microcystis; s__Microcystis aeruginosa_B	Microcystis aeruginosa NIES-843 (cyanobacteria)	Microcystis aeruginosa	
GCF_000317695.1	ASM31769v1	Anabaena_cylindrica_PCC_7122	Anabaena cylindrica PCC 7122	ftp://ftp.ncbi.nlm.nih.gov/genomes/all/GCF/000/317/695/GCF_000317695.1_ASM31769v1	RefSeq	Cyanobacteria	d__Bacteria; p__Cyanobacteria; c__; o__Nostocales; f__Nostocaceae; g__Anabaena; s__Anabaena cylindrica	d__Bacteria; p__Cyanobacteria; c__Cyanobacteriia; o__Cyanobacteriales; f__Nostocaceae; g__Anabaena_A; s__Anabaena_A cylindrica	Anabaena cylindrica PCC 7122 (cyanobacteria)	Anabaena cylindrica	
GCF_002289455.1	ASM228945v1	Calothrix_elsteri_CCALA_953	Calothrix elsteri CCALA 953	ftp://ftp.ncbi.nlm.nih.gov/genomes/all/GCF/002/289/455/GCF_002289455.1_ASM228945v1	RefSeq	Cyanobacteria	d__Bacteria; p__Cyanobacteria; c__; o__Nostocales; f__Rivulariaceae; g__Calothrix; s__Calothrix elsteri	d__Bacteria; p__Cyanobacteria; c__Cyanobacteriia; o__Cyanobacteriales; f__Nostocaceae; g__Calothrix; s__Calothrix elsteri	Calothrix elsteri CCALA 953 (cyanobacteria)	Calothrix elsteri	
GCF_000317285.1	ChlPCC6912_1.0	Chlorogloeopsis_fritschii_PCC_6912	Chlorogloeopsis fritschii PCC 6912	ftp://ftp.ncbi.nlm.nih.gov/genomes/all/GCF/000/317/285/GCF_000317285.1_ChlPCC6912_1.0	RefSeq	Cyanobacteria	d__Bacteria; p__Cyanobacteria; c__; o__Nostocales; f__Chlorogloeopsidaceae; g__Chlorogloeopsis; s__Chlorogloeopsis fritschii	d__Bacteria; p__Cyanobacteria; c__Cyanobacteriia; o__Cyanobacteriales; f__Nostocaceae; g__Chlorogloeopsis; s__Chlorogloeopsis fritschii	Chlorogloeopsis fritschii PCC 6912 (cyanobacteria)	Chlorogloeopsis fritschii	
GCF_000317535.1	ASM31753v1	Cylindrospermum_stagnale_PCC_7417	Cylindrospermum stagnale PCC 7417	ftp://ftp.ncbi.nlm.nih.gov/genomes/all/GCF/000/317/535/GCF_000317535.1_ASM31753v1	RefSeq	Cyanobacteria	d__Bacteria; p__Cyanobacteria; c__; o__Nostocales; f__Nostocaceae; g__Cylindrospermum; s__Cylindrospermum stagnale	d__Bacteria; p__Cyanobacteria; c__Cyanobacteriia; o__Cyanobacteriales; f__Nostocaceae; g__Cylindrospermum; s__Cylindrospermum stagnale	Cylindrospermum stagnale PCC 7417 (cyanobacteria)	Cylindrospermum stagnale	
GCF_000317205.1	FisPCC7414_1.0	Fischerella_muscicola_PCC_7414	Fischerella muscicola PCC 7414	ftp://ftp.ncbi.nlm.nih.gov/genomes/all/GCF/000/317/205/GCF_000317205.1_FisPCC7414_1.0	RefSeq	Cyanobacteria	d__Bacteria; p__Cyanobacteria; c__; o__Nostocales; f__Hapalosiphonaceae; g__Fischerella; s__Fischerella muscicola	d__Bacteria; p__Cyanobacteria; c__Cyanobacteriia; o__Cyanobacteriales; f__Nostocaceae; g__Fischerella; s__Fischerella muscicola_B	Fischerella muscicola PCC 7414 (cyanobacteria)	Fischerella muscicola	
GCF_000317225.1	FisPCC7521_1.0	Fischerella_thermalis_PCC_7521	Fischerella thermalis PCC 7521	ftp://ftp.ncbi.nlm.nih.gov/genomes/all/GCF/000/317/225/GCF_000317225.1_FisPCC7521_1.0	RefSeq	Cyanobacteria	d__Bacteria; p__Cyanobacteria; c__; o__Nostocales; f__Hapalosiphonaceae; g__Fischerella; s__Fischerella thermalis	d__Bacteria; p__Cyanobacteria; c__Cyanobacteriia; o__Cyanobacteriales; f__Nostocaceae; g__Fischerella; s__Fischerella thermalis	Fischerella thermalis PCC 7521 (cyanobacteria)	Fischerella thermalis	
GCF_000332295.1	ASM33229v1	Fortiea_contorta_PCC_7126	Fortiea contorta PCC 7126	ftp://ftp.ncbi.nlm.nih.gov/genomes/all/GCF/000/332/295/GCF_000332295.1_ASM33229v1	RefSeq	Cyanobacteria	d__Bacteria; p__Cyanobacteria; c__; o__Nostocales; f__Fortieaceae; g__Fortiea; s__Fortiea contorta	d__Bacteria; p__Cyanobacteria; c__Cyanobacteriia; o__Cyanobacteriales; f__Nostocaceae; g__Fortiea; s__Fortiea contorta	Fortiea contorta PCC 7126 (cyanobacteria)	Fortiea contorta	
GCF_001456025.1	ASM145602v1	Mastigocoleus_testarum_BC008	Mastigocoleus testarum BC008	ftp://ftp.ncbi.nlm.nih.gov/genomes/all/GCF/001/456/025/GCF_001456025.1_ASM145602v1	RefSeq	Cyanobacteria	d__Bacteria; p__Cyanobacteria; c__; o__Nostocales; f__Hapalosiphonaceae; g__Mastigocoleus; s__Mastigocoleus testarum	d__Bacteria; p__Cyanobacteria; c__Cyanobacteriia; o__Cyanobacteriales; f__Nostocaceae; g__Mastigocoleus; s__Mastigocoleus testarum	Mastigocoleus testarum BC008 (cyanobacteria)	Mastigocoleus testarum	
GCF_000020025.1	ASM2002v1	Nostoc_punctiforme_PCC_73102	Nostoc punctiforme PCC 73102	ftp://ftp.ncbi.nlm.nih.gov/genomes/all/GCF/000/020/025/GCF_000020025.1_ASM2002v1	RefSeq	Cyanobacteria	d__Bacteria; p__Cyanobacteria; c__; o__Nostocales; f__Nostocaceae; g__Nostoc; s__Nostoc punctiforme	d__Bacteria; p__Cyanobacteria; c__Cyanobacteriia; o__Cyanobacteriales; f__Nostocaceae; g__Nostoc; s__Nostoc punctiforme	Nostoc punctiforme PCC 73102 (cyanobacteria)	Nostoc punctiforme	
GCF_000346485.2	ASM34648v2	Scytonema_hofmannii_PCC_7110	Scytonema hofmannii PCC 7110	ftp://ftp.ncbi.nlm.nih.gov/genomes/all/GCF/000/346/485/GCF_000346485.2_ASM34648v2	RefSeq	Cyanobacteria	d__Bacteria; p__Cyanobacteria; c__; o__Nostocales; f__Scytonemataceae; g__Scytonema; s__Scytonema hofmannii	d__Bacteria; p__Cyanobacteria; c__Cyanobacteriia; o__Cyanobacteriales; f__Nostocaceae; g__Scytonema; s__Scytonema hofmannii	Scytonema hofmannii PCC 7110 (cyanobacteria)	Scytonema hofmannii	
GCF_000317105.1	ASM31710v1	Oscillatoria_acuminata_PCC_6304	Oscillatoria acuminata PCC 6304	ftp://ftp.ncbi.nlm.nih.gov/genomes/all/GCF/000/317/105/GCF_000317105.1_ASM31710v1	RefSeq	Cyanobacteria	d__Bacteria; p__Cyanobacteria; c__; o__Oscillatoriales; f__Oscillatoriaceae; g__Oscillatoria; s__Oscillatoria acuminata	d__Bacteria; p__Cyanobacteria; c__Cyanobacteriia; o__Cyanobacteriales; f__Oscillatoriaceae; g__Oscillatoria; s__Oscillatoria acuminata	Oscillatoria acuminata PCC 6304 (cyanobacteria)	Oscillatoria acuminata	
GCF_000317475.1	ASM31747v1	Oscillatoria_nigro-viridis_PCC_7112	Oscillatoria nigro-viridis PCC 7112	ftp://ftp.ncbi.nlm.nih.gov/genomes/all/GCF/000/317/475/GCF_000317475.1_ASM31747v1	RefSeq	Cyanobacteria	d__Bacteria; p__Cyanobacteria; c__; o__Oscillatoriales; f__Oscillatoriaceae; g__Oscillatoria; s__	d__Bacteria; p__Cyanobacteria; c__Cyanobacteriia; o__Cyanobacteriales; f__Phormidiaceae; g__Microcoleus; s__Microcoleus nigroviridis	Oscillatoria nigro-viridis PCC 7112 (cyanobacteria)	Oscillatoria nigro-viridis	
GCF_000317615.1	ASM31761v1	Dactylococcopsis_salina_PCC_8305	Dactylococcopsis salina PCC 8305	ftp://ftp.ncbi.nlm.nih.gov/genomes/all/GCF/000/317/615/GCF_000317615.1_ASM31761v1	RefSeq	Cyanobacteria	d__Bacteria; p__Cyanobacteria; c__; o__Synechococcales; f__Synechococcaceae; g__Dactylococcopsis; s__Dactylococcopsis salina	d__Bacteria; p__Cyanobacteria; c__Cyanobacteriia; o__Cyanobacteriales; f__Rubidibacteraceae; g__Halothece; s__Halothece salina	Dactylococcopsis salina PCC 8305 (cyanobacteria)	Dactylococcopsis salina	
GCF_000473895.1	KS51_v1	Rubidibacter_lacunae_KORDI_51-2	Rubidibacter lacunae KORDI 51-2	ftp://ftp.ncbi.nlm.nih.gov/genomes/all/GCF/000/473/895/GCF_000473895.1_KS51_v1	RefSeq	Cyanobacteria	d__Bacteria; p__Cyanobacteria; c__; o__Chroococcales; f__Aphanothecaceae; g__Rubidibacter; s__Rubidibacter lacunae	d__Bacteria; p__Cyanobacteria; c__Cyanobacteriia; o__Cyanobacteriales; f__Rubidibacteraceae; g__Rubidibacter; s__Rubidibacter lacunae	Rubidibacter lacunae KORDI 51-2 (cyanobacteria)	Rubidibacter lacunae	
GCF_001890765.1	ASM189076v1	Spirulina_major_PCC_6313	Spirulina major PCC 6313	ftp://ftp.ncbi.nlm.nih.gov/genomes/all/GCF/001/890/765/GCF_001890765.1_ASM189076v1	RefSeq	Cyanobacteria	d__Bacteria; p__Cyanobacteria; c__; o__Spirulinales; f__Spirulinaceae; g__Spirulina; s__Spirulina major	d__Bacteria; p__Cyanobacteria; c__Cyanobacteriia; o__Cyanobacteriales; f__Spirulinaceae; g__Spirulina; s__Spirulina major	Spirulina major PCC 6313 (cyanobacteria)	Spirulina major	
GCF_000317575.1	ASM31757v1	Stanieria_cyanosphaera_PCC_7437	Stanieria cyanosphaera PCC 7437	ftp://ftp.ncbi.nlm.nih.gov/genomes/all/GCF/000/317/575/GCF_000317575.1_ASM31757v1	RefSeq	Cyanobacteria	d__Bacteria; p__Cyanobacteria; c__; o__Pleurocapsales; f__Dermocarpellaceae; g__Stanieria; s__Stanieria cyanosphaera	d__Bacteria; p__Cyanobacteria; c__Cyanobacteriia; o__Cyanobacteriales; f__Xenococcaceae; g__Stanieria; s__Stanieria cyanosphaera	Stanieria cyanosphaera PCC 7437 (cyanobacteria)	Stanieria cyanosphaera	
GCF_000484535.1	ASM48453v1	Gloeobacter_kilaueensis_JS1	Gloeobacter kilaueensis JS1	ftp://ftp.ncbi.nlm.nih.gov/genomes/all/GCF/000/484/535/GCF_000484535.1_ASM48453v1	RefSeq	Cyanobacteria	d__Bacteria; p__Cyanobacteria; c__Gloeobacteria; o__Gloeobacterales; f__Gloeobacteraceae; g__Gloeobacter; s__Gloeobacter kilaueensis	d__Bacteria; p__Cyanobacteria; c__Cyanobacteriia; o__Gloeobacterales; f__Gloeobacteraceae; g__Gloeobacter; s__Gloeobacter kilaueensis	Gloeobacter kilaueensis JS1 (cyanobacteria)	Gloeobacter kilaueensis	
GCF_000011385.1	ASM1138v1	Gloeobacter_violaceus_PCC_7421	Gloeobacter violaceus PCC 7421	ftp://ftp.ncbi.nlm.nih.gov/genomes/all/GCF/000/011/385/GCF_000011385.1_ASM1138v1	RefSeq	Cyanobacteria	d__Bacteria; p__Cyanobacteria; c__Gloeobacteria; o__Gloeobacterales; f__Gloeobacteraceae; g__Gloeobacter; s__Gloeobacter violaceus	d__Bacteria; p__Cyanobacteria; c__Cyanobacteriia; o__Gloeobacterales; f__Gloeobacteraceae; g__Gloeobacter; s__Gloeobacter violaceus	Gloeobacter violaceus PCC 7421 (cyanobacteria)	Gloeobacter violaceus	
GCF_001870225.1	ASM187022v1	Gloeomargarita_lithophora_Alchichica-D10	Gloeomargarita lithophora Alchichica-D10	ftp://ftp.ncbi.nlm.nih.gov/genomes/all/GCF/001/870/225/GCF_001870225.1_ASM187022v1	RefSeq	Cyanobacteria	d__Bacteria; p__Cyanobacteria; c__; o__Gloeoemargaritales; f__Gloeomargaritaceae; g__Gloeomargarita; s__Gloeomargarita lithophora	d__Bacteria; p__Cyanobacteria; c__Cyanobacteriia; o__Gloeomargaritales; f__Gloeomargaritaceae; g__Gloeomargarita; s__Gloeomargarita lithophora	Gloeomargarita lithophora Alchichica-D10 (cyanobacteria)	Gloeomargarita lithophora	
GCF_000353285.1	ASM35328v1	Leptolyngbya_boryana_PCC_6306	Leptolyngbya boryana PCC 6306	ftp://ftp.ncbi.nlm.nih.gov/genomes/all/GCF/000/353/285/GCF_000353285.1_ASM35328v1	RefSeq	Cyanobacteria	d__Bacteria; p__Cyanobacteria; c__; o__Synechococcales; f__Leptolyngbyaceae; g__Leptolyngbya; s__Leptolyngbya boryana	d__Bacteria; p__Cyanobacteria; c__Cyanobacteriia; o__Leptolyngbyales; f__Leptolyngbyaceae; g__Leptolyngbya; s__Leptolyngbya boryana	Leptolyngbya boryana PCC 6306 (cyanobacteria)	Leptolyngbya boryana	
GCF_000775285.1	ASM77528v1	Neosynechococcus_sphagnicola_sy1	Neosynechococcus sphagnicola sy1	ftp://ftp.ncbi.nlm.nih.gov/genomes/all/GCF/000/775/285/GCF_000775285.1_ASM77528v1	RefSeq	Cyanobacteria	d__Bacteria; p__Cyanobacteria; c__; o__Synechococcales; f__Leptolyngbyaceae; g__Neosynechococcus; s__Neosynechococcus sphagnicola	d__Bacteria; p__Cyanobacteria; c__Cyanobacteriia; o__Neosynechococcales; f__Neosynechococcaceae; g__Neosynechococcus; s__Neosynechococcus sphagnicola	Neosynechococcus sphagnicola sy1 (cyanobacteria)	Neosynechococcus sphagnicola	
GCF_000316515.1	ASM31651v1	Cyanobium_gracile_PCC_6307	Cyanobium gracile PCC 6307	ftp://ftp.ncbi.nlm.nih.gov/genomes/all/GCF/000/316/515/GCF_000316515.1_ASM31651v1	RefSeq	Cyanobacteria	d__Bacteria; p__Cyanobacteria; c__; o__Synechococcales; f__Synechococcaceae; g__Cyanobium; s__Cyanobium gracile	d__Bacteria; p__Cyanobacteria; c__Cyanobacteriia; o__Synechococcales; f__Cyanobiaceae; g__Cyanobium; s__Cyanobium gracile	Cyanobium gracile PCC 6307 (cyanobacteria)	Cyanobium gracile	
GCF_000007925.1	ASM792v1	Prochlorococcus_marinus_subsp_marinus_str_CCMP1375	Prochlorococcus marinus subsp. marinus str. CCMP1375	ftp://ftp.ncbi.nlm.nih.gov/genomes/all/GCF/000/007/925/GCF_000007925.1_ASM792v1	RefSeq	Cyanobacteria	d__Bacteria; p__Cyanobacteria; c__; o__Synechococcales; f__Prochloraceae; g__Prochlorococcus; s__Prochlorococcus marinus	d__Bacteria; p__Cyanobacteria; c__Cyanobacteriia; o__Synechococcales; f__Cyanobiaceae; g__Prochlorococcus; s__Prochlorococcus marinus	Prochlorococcus marinus subsp. marinus str. CCMP1375 (cyanobacteria)	Prochlorococcus marinus	
GCF_000332315.1	ASM33231v1	Prochlorothrix_hollandica_PCC_9006	Prochlorothrix hollandica PCC 9006	ftp://ftp.ncbi.nlm.nih.gov/genomes/all/GCF/000/332/315/GCF_000332315.1_ASM33231v1	RefSeq	Cyanobacteria	d__Bacteria; p__Cyanobacteria; c__; o__Synechococcales; f__Pseudanabaenaceae; g__Prochlorothrix; s__Prochlorothrix hollandica	d__Bacteria; p__Cyanobacteria; c__Cyanobacteriia; o__Synechococcales; f__Prochlorotrichaceae; g__Prochlorothrix; s__Prochlorothrix hollandica	Prochlorothrix hollandica PCC 9006 = CALU 1027 (cyanobacteria)	Prochlorothrix hollandica	
GCF_000010065.1	ASM1006v1	Synechococcus_elongatus_PCC_6301	Synechococcus elongatus PCC 6301	ftp://ftp.ncbi.nlm.nih.gov/genomes/all/GCF/000/010/065/GCF_000010065.1_ASM1006v1	RefSeq	Cyanobacteria	d__Bacteria; p__Cyanobacteria; c__; o__Synechococcales; f__Synechococcaceae; g__Synechococcus; s__Synechococcus elongatus	d__Bacteria; p__Cyanobacteria; c__Cyanobacteriia; o__Synechococcales; f__Synechococcaceae; g__Synechococcus; s__Synechococcus elongatus	Synechococcus elongatus PCC 6301 (cyanobacteria)	Synechococcus elongatus	
GCF_000018105.1	ASM1810v1	Acaryochloris_marina_MBIC11017	Acaryochloris marina MBIC11017	ftp://ftp.ncbi.nlm.nih.gov/genomes/all/GCF/000/018/105/GCF_000018105.1_ASM1810v1	RefSeq	Cyanobacteria	d__Bacteria; p__Cyanobacteria; c__; o__Synechococcales; f__Acaryochloridaceae; g__Acaryochloris; s__Acaryochloris marina	d__Bacteria; p__Cyanobacteria; c__Cyanobacteriia; o__Thermosynechococcales; f__Thermosynechococcaceae; g__Acaryochloris; s__Acaryochloris marina	Acaryochloris marina MBIC11017 (cyanobacteria)	Acaryochloris marina	
GCF_001499735.1	Thiocapsa sp. KS1	Thiocapsa_sp_KS1	Thiocapsa sp. KS1	ftp://ftp.ncbi.nlm.nih.gov/genomes/all/GCF/001/499/735/GCF_001499735.1_Thiocapsa_sp._KS1	RefSeq	Proteobacteria	d__Bacteria; p__Proteobacteria; c__Gammaproteobacteria; o__Chromatiales; f__Chromatiaceae; g__Thiocapsa; s__	d__Bacteria; p__Proteobacteria; c__Gammaproteobacteria; o__Chromatiales; f__Chromatiaceae; g__Thiocapsa; s__Thiocapsa sp001499735	Thiocapsa sp. KS1 (g-proteobacteria)	Thiocapsa sp. KS1	
GCF_000964365.1	ASM96436v1	Acidisphaera_rubrifaciens_HS-AP3	Acidisphaera rubrifaciens HS-AP3	ftp://ftp.ncbi.nlm.nih.gov/genomes/all/GCF/000/964/365/GCF_000964365.1_ASM96436v1	RefSeq	Proteobacteria	d__Bacteria;p__Proteobacteria;c__Alphaproteobacteria;o__Rhodospirillales;f__Acetobacteraceae;g__Acidisphaera;s__Acidisphaera rubrifaciens	d__Bacteria;p__Proteobacteria;c__Alphaproteobacteria;o__Acetobacterales;f__Acetobacteraceae;g__Acidisphaera;s__Acidisphaera rubrifaciens	Acidisphaera rubrifaciens HS-AP3 (a-proteobacteria)	Acidisphaera rubrifaciens	
GCF_000425365.1	ASM42536v1	Rubritepida_flocculans_DSM_14296	Rubritepida flocculans DSM 14296	ftp://ftp.ncbi.nlm.nih.gov/genomes/all/GCF/000/425/365/GCF_000425365.1_ASM42536v1	RefSeq	Proteobacteria	d__Bacteria;p__Proteobacteria;c__Alphaproteobacteria;o__Rhodospirillales;f__Acetobacteraceae;g__Rubritepida;s__Rubritepida flocculans	d__Bacteria;p__Proteobacteria;c__Alphaproteobacteria;o__Acetobacterales;f__Acetobacteraceae;g__Rubritepida;s__Rubritepida flocculans	Rubritepida flocculans DSM 14296 (a-proteobacteria)	Rubritepida flocculans	
GCF_002105465.1	ASM210546v1	Aquidulcibacter_paucihalophilus_TH1-2	Aquidulcibacter paucihalophilus TH1-2	ftp://ftp.ncbi.nlm.nih.gov/genomes/all/GCF/002/105/465/GCF_002105465.1_ASM210546v1	RefSeq	Proteobacteria	d__Bacteria;p__Proteobacteria;c__Alphaproteobacteria;o__Caulobacterales;f__Caulobacteraceae;g__Aquidulcibacter;s__Aquidulcibacter paucihalophilus	d__Bacteria;p__Proteobacteria;c__Alphaproteobacteria;o__Caulobacterales;f__Hyphomonadaceae;g__Aquidulcibacter;s__Aquidulcibacter paucihalophilus	Aquidulcibacter paucihalophilus (a-proteobacteria)	Aquidulcibacter paucihalophilus	
GCF_000515255.1	ASM51525v1	Rhodovibrio_salinarum_DSM_9154	Rhodovibrio salinarum DSM 9154	ftp://ftp.ncbi.nlm.nih.gov/genomes/all/GCF/000/515/255/GCF_000515255.1_ASM51525v1	RefSeq	Proteobacteria	d__Bacteria;p__Proteobacteria;c__Alphaproteobacteria;o__Rhodospirillales;f__Rhodospirillaceae;g__Rhodovibrio;s__Rhodovibrio salinarum	d__Bacteria;p__Proteobacteria;c__Alphaproteobacteria;o__Kiloniellales;f__Fodinicurvataceae;g__Rhodovibrio;s__Rhodovibrio salinarum	Rhodovibrio salinarum DSM 9154 (a-proteobacteria)	Rhodovibrio salinarum	
GCF_000299935.1	ASM29993v1	Oceanibaculum_indicum_P24	Oceanibaculum indicum P24	ftp://ftp.ncbi.nlm.nih.gov/genomes/all/GCF/000/299/935/GCF_000299935.1_ASM29993v1	RefSeq	Proteobacteria	d__Bacteria;p__Proteobacteria;c__Alphaproteobacteria;o__Rhodospirillales;f__Rhodospirillaceae;g__Oceanibaculum;s__Oceanibaculum indicum	d__Bacteria;p__Proteobacteria;c__Alphaproteobacteria;o__Oceanibaculales;f__Oceanibaculaceae;g__Oceanibaculum;s__Oceanibaculum indicum	Oceanibaculum indicum P24 (a-proteobacteria)	Oceanibaculum indicum	
GCF_900102695.1	IMG-taxon 2595699009 annotated assembly	Afifella_marina_DSM_2698	Afifella marina DSM 2698	ftp://ftp.ncbi.nlm.nih.gov/genomes/all/GCF/900/102/695/GCF_900102695.1_IMG-taxon_2595699009_annotated_assembly	RefSeq	Proteobacteria	d__Bacteria;p__Proteobacteria;c__Alphaproteobacteria;o__Rhizobiales;f__Rhodobiaceae;g__Afifella;s__Afifella marina	d__Bacteria;p__Proteobacteria;c__Alphaproteobacteria;o__Rhizobiales;f__Afifellaceae;g__Afifella;s__Afifella marina	Afifella marina DSM 2698 (a-proteobacteria)	Afifella marina	
GCF_900187365.1	IMG-taxon 2724679731 annotated assembly	Rhodoblastus_acidophilus_DSM_137	Rhodoblastus acidophilus DSM 137	ftp://ftp.ncbi.nlm.nih.gov/genomes/all/GCF/900/187/365/GCF_900187365.1_IMG-taxon_2724679731_annotated_assembly	RefSeq	Proteobacteria	d__Bacteria;p__Proteobacteria;c__Alphaproteobacteria;o__Rhizobiales;f__Beijerinckiaceae;g__Rhodoblastus;s__Rhodoblastus acidophilus	d__Bacteria;p__Proteobacteria;c__Alphaproteobacteria;o__Rhizobiales;f__Beijerinckiaceae;g__Rhodoblastus;s__Rhodoblastus acidophilus	Rhodoblastus acidophilus (a-proteobacteria)	Rhodoblastus acidophilus	
GCF_001927285.1	ASM192728v1	Mongoliimonas_terrestris_MIMtkB18	Mongoliimonas terrestris MIMtkB18	ftp://ftp.ncbi.nlm.nih.gov/genomes/all/GCF/001/927/285/GCF_001927285.1_ASM192728v1	RefSeq	Proteobacteria	d__Bacteria;p__Proteobacteria;c__Alphaproteobacteria;o__Rhizobiales;f__;g__Mongoliimonas;s__Mongoliimonas terrestris	d__Bacteria;p__Proteobacteria;c__Alphaproteobacteria;o__Rhizobiales;f__Pleomorphomonadaceae;g__Mongoliimonas;s__Mongoliimonas terrestris	Mongoliimonas terrestris (a-proteobacteria)	Mongoliimonas terrestris	
GCF_000153705.1	ASM15370v1	Fulvimarina_pelagi_HTCC2506	Fulvimarina pelagi HTCC2506	ftp://ftp.ncbi.nlm.nih.gov/genomes/all/GCF/000/153/705/GCF_000153705.1_ASM15370v1	RefSeq	Proteobacteria	d__Bacteria;p__Proteobacteria;c__Alphaproteobacteria;o__Rhizobiales;f__Aurantimonadaceae;g__Fulvimarina;s__Fulvimarina pelagi	d__Bacteria;p__Proteobacteria;c__Alphaproteobacteria;o__Rhizobiales;f__Rhizobiaceae;g__Fulvimarina;s__Fulvimarina pelagi	Fulvimarina pelagi HTCC2506 (a-proteobacteria)	Fulvimarina pelagi	
GCF_000166055.1	ASM16605v1	Rhodomicrobium_vannielii_ATCC_17100	Rhodomicrobium vannielii ATCC 17100	ftp://ftp.ncbi.nlm.nih.gov/genomes/all/GCF/000/166/055/GCF_000166055.1_ASM16605v1	RefSeq	Proteobacteria	d__Bacteria;p__Proteobacteria;c__Alphaproteobacteria;o__Rhizobiales;f__Hyphomicrobiaceae;g__Rhodomicrobium;s__Rhodomicrobium vannielii	d__Bacteria;p__Proteobacteria;c__Alphaproteobacteria;o__Rhizobiales;f__Rhodomicrobiaceae;g__Rhodomicrobium;s__Rhodomicrobium vannielii	Rhodomicrobium vannielii ATCC 17100 (a-proteobacteria)	Rhodomicrobium vannielii	
GCF_000158095.1	ASM15809v1	Labrenzia_alexandrii_DFL-11	Labrenzia alexandrii DFL-11	ftp://ftp.ncbi.nlm.nih.gov/genomes/all/GCF/000/158/095/GCF_000158095.1_ASM15809v1	RefSeq	Proteobacteria	d__Bacteria;p__Proteobacteria;c__Alphaproteobacteria;o__Rhodobacterales;f__Rhodobacteraceae;g__Labrenzia;s__Labrenzia alexandrii	d__Bacteria;p__Proteobacteria;c__Alphaproteobacteria;o__Rhizobiales;f__Stappiaceae;g__Labrenzia;s__Labrenzia alexandrii	Labrenzia alexandrii DFL-11 (a-proteobacteria)	Labrenzia alexandrii	
GCF_000423705.1	ASM42370v1	Stappia_stellulata_DSM_5886	Stappia stellulata DSM 5886	ftp://ftp.ncbi.nlm.nih.gov/genomes/all/GCF/000/423/705/GCF_000423705.1_ASM42370v1	RefSeq	Proteobacteria	d__Bacteria;p__Proteobacteria;c__Alphaproteobacteria;o__Rhodobacterales;f__Rhodobacteraceae;g__Stappia;s__Stappia stellulata	d__Bacteria;p__Proteobacteria;c__Alphaproteobacteria;o__Rhizobiales;f__Stappiaceae;g__Stappia;s__Stappia stellulata	Stappia stellulata DSM 5886 (a-proteobacteria)	Stappia stellulata	
GCF_001402875.1	ASM140287v1	Blastochloris_viridis_ATCC_19567	Blastochloris viridis ATCC 19567	ftp://ftp.ncbi.nlm.nih.gov/genomes/all/GCF/001/402/875/GCF_001402875.1_ASM140287v1	RefSeq	Proteobacteria	d__Bacteria;p__Proteobacteria;c__Alphaproteobacteria;o__Rhizobiales;f__Hyphomicrobiaceae;g__Blastochloris;s__Blastochloris viridis	d__Bacteria;p__Proteobacteria;c__Alphaproteobacteria;o__Rhizobiales;f__Xanthobacteraceae;g__Blastochloris;s__Blastochloris viridis	Blastochloris viridis (a-proteobacteria)	Blastochloris viridis	
GCF_000521785.1	SOAPdenovo v1.05	Roseivivax_halodurans_JCM_10272	Roseivivax halodurans JCM 10272	ftp://ftp.ncbi.nlm.nih.gov/genomes/all/GCF/000/521/785/GCF_000521785.1_SOAPdenovo_v1.05	RefSeq	Proteobacteria	d__Bacteria;p__Proteobacteria;c__Alphaproteobacteria;o__Rhodobacterales;f__Rhodobacteraceae;g__Roseivivax;s__Roseivivax halodurans	d__Bacteria;p__Proteobacteria;c__Alphaproteobacteria;o__Rhodobacterales;f__Rhodobacteraceae;g__Roseivivax;s__Roseivivax halodurans	Roseivivax halodurans JCM 10272 (a-proteobacteria)	Roseivivax halodurans	
GCF_000154785.2	ASM15478v2	Roseobacter_litoralis_Och_149	Roseobacter litoralis Och 149	ftp://ftp.ncbi.nlm.nih.gov/genomes/all/GCF/000/154/785/GCF_000154785.2_ASM15478v2	RefSeq	Proteobacteria	d__Bacteria;p__Proteobacteria;c__Alphaproteobacteria;o__Rhodobacterales;f__Rhodobacteraceae;g__Roseobacter;s__Roseobacter litoralis	d__Bacteria;p__Proteobacteria;c__Alphaproteobacteria;o__Rhodobacterales;f__Rhodobacteraceae;g__Roseobacter;s__Roseobacter litoralis	Roseobacter litoralis Och 149 (a-proteobacteria)	Roseobacter litoralis	
GCF_000284415.1	ASM28441v2	Pararhodospirillum_photometricum_DSM_122	Pararhodospirillum photometricum DSM 122	ftp://ftp.ncbi.nlm.nih.gov/genomes/all/GCF/000/284/415/GCF_000284415.1_ASM28441v2	RefSeq	Proteobacteria	d__Bacteria;p__Proteobacteria;c__Alphaproteobacteria;o__Rhodospirillales;f__Rhodospirillaceae;g__Pararhodospirillum;s__Pararhodospirillum photometricum	d__Bacteria;p__Proteobacteria;c__Alphaproteobacteria;o__Rhodospirillales;f__Rhodospirillaceae;g__Pararhodospirillum;s__Pararhodospirillum photometricum	Pararhodospirillum photometricum DSM 122 (a-proteobacteria)	Pararhodospirillum photometricum	
GCF_000013085.1	ASM1308v1	Rhodospirillum_rubrum_ATCC_11170	Rhodospirillum rubrum ATCC 11170	ftp://ftp.ncbi.nlm.nih.gov/genomes/all/GCF/000/013/085/GCF_000013085.1_ASM1308v1	RefSeq	Proteobacteria	d__Bacteria;p__Proteobacteria;c__Alphaproteobacteria;o__Rhodospirillales;f__Rhodospirillaceae;g__Rhodospirillum;s__Rhodospirillum rubrum	d__Bacteria;p__Proteobacteria;c__Alphaproteobacteria;o__Rhodospirillales;f__Rhodospirillaceae;g__Rhodospirillum;s__Rhodospirillum rubrum	Rhodospirillum rubrum ATCC 11170 (a-proteobacteria)	Rhodospirillum rubrum	
GCF_000715015.1	Ery_DSM 6997_v1	Erythrobacter_longus_DSM_6997	Erythrobacter longus DSM 6997	ftp://ftp.ncbi.nlm.nih.gov/genomes/all/GCF/000/715/015/GCF_000715015.1_Ery_DSM_6997_v1	RefSeq	Proteobacteria	d__Bacteria;p__Proteobacteria;c__Alphaproteobacteria;o__Sphingomonadales;f__Erythrobacteraceae;g__Erythrobacter;s__Erythrobacter longus	d__Bacteria;p__Proteobacteria;c__Alphaproteobacteria;o__Sphingomonadales;f__Sphingomonadaceae;g__Erythrobacter;s__Erythrobacter longus	Erythrobacter longus (a-proteobacteria)	Erythrobacter longus	
GCF_001598375.1	ASM159837v1	Novosphingobium_capsulatum_NBRC_12533	Novosphingobium capsulatum NBRC 12533	ftp://ftp.ncbi.nlm.nih.gov/genomes/all/GCF/001/598/375/GCF_001598375.1_ASM159837v1	RefSeq	Proteobacteria	d__Bacteria;p__Proteobacteria;c__Alphaproteobacteria;o__Sphingomonadales;f__Sphingomonadaceae;g__Novosphingobium;s__Novosphingobium capsulatum	d__Bacteria;p__Proteobacteria;c__Alphaproteobacteria;o__Sphingomonadales;f__Sphingomonadaceae;g__Novosphingobium;s__Novosphingobium capsulatum	Novosphingobium capsulatum NBRC 12533 (a-proteobacteria)	Novosphingobium capsulatum	
GCF_900102465.1	IMG-taxon 2599185271 annotated assembly	Thalassobaculum_litoreum_DSM_18839	Thalassobaculum litoreum DSM 18839	ftp://ftp.ncbi.nlm.nih.gov/genomes/all/GCF/900/102/465/GCF_900102465.1_IMG-taxon_2599185271_annotated_assembly	RefSeq	Proteobacteria	d__Bacteria;p__Proteobacteria;c__Alphaproteobacteria;o__Rhodospirillales;f__Rhodospirillaceae;g__Thalassobaculum;s__Thalassobaculum litoreum	d__Bacteria;p__Proteobacteria;c__Alphaproteobacteria;o__Thalassobaculales;f__Thalassobaculaceae;g__Thalassobaculum;s__Thalassobaculum litoreum	Thalassobaculum litoreum DSM 18839 (a-proteobacteria)	Thalassobaculum litoreum	
GCF_001571145.1	ASM157114v1	Hydrogenophaga_flava_NBRC_102514	Hydrogenophaga flava NBRC 102514	ftp://ftp.ncbi.nlm.nih.gov/genomes/all/GCF/001/571/145/GCF_001571145.1_ASM157114v1	RefSeq	Proteobacteria	d__Bacteria;p__Proteobacteria;c__Betaproteobacteria;o__Burkholderiales;f__Comamonadaceae;g__Hydrogenophaga;s__Hydrogenophaga flava	d__Bacteria;p__Proteobacteria;c__Gammaproteobacteria;o__Burkholderiales;f__Burkholderiaceae;g__Hydrogenophaga;s__Hydrogenophaga flava	Hydrogenophaga flava NBRC 102514 (b-proteobacteria)	Hydrogenophaga flava	
GCF_002017865.1	ASM201786v1	Rhodoferax_fermentans_JCM_7819	Rhodoferax fermentans JCM 7819	ftp://ftp.ncbi.nlm.nih.gov/genomes/all/GCF/002/017/865/GCF_002017865.1_ASM201786v1	RefSeq	Proteobacteria	d__Bacteria;p__Proteobacteria;c__Betaproteobacteria;o__Burkholderiales;f__Comamonadaceae;g__Rhodoferax;s__Rhodoferax fermentans	d__Bacteria;p__Proteobacteria;c__Gammaproteobacteria;o__Burkholderiales;f__Burkholderiaceae;g__Rhodoferax;s__Rhodoferax fermentans	Rhodoferax fermentans (b-proteobacteria)	Rhodoferax fermentans	
GCF_000214035.1	ASM21403v1	Methyloversatilis_universalis_FAM5	Methyloversatilis universalis FAM5	ftp://ftp.ncbi.nlm.nih.gov/genomes/all/GCF/000/214/035/GCF_000214035.1_ASM21403v1	RefSeq	Proteobacteria	d__Bacteria;p__Proteobacteria;c__Betaproteobacteria;o__Nitrosomonadales;f__Sterolibacteriaceae;g__Methyloversatilis;s__Methyloversatilis universalis	d__Bacteria;p__Proteobacteria;c__Gammaproteobacteria;o__Burkholderiales;f__Rhodocyclaceae;g__Methyloversatilis;s__Methyloversatilis universalis	Methyloversatilis universalis FAM5 (b-proteobacteria)	Methyloversatilis universalis	
GCF_000025485.1	ASM2548v1	Allochromatium_vinosum_DSM_180	Allochromatium vinosum DSM 180	ftp://ftp.ncbi.nlm.nih.gov/genomes/all/GCF/000/025/485/GCF_000025485.1_ASM2548v1	RefSeq	Proteobacteria	d__Bacteria;p__Proteobacteria;c__Gammaproteobacteria;o__Chromatiales;f__Chromatiaceae;g__Allochromatium;s__Allochromatium vinosum	d__Bacteria;p__Proteobacteria;c__Gammaproteobacteria;o__Chromatiales;f__Chromatiaceae;g__Allochromatium;s__Allochromatium vinosum	Allochromatium vinosum DSM 180 (g-proteobacteria)	Allochromatium vinosum	
GCF_900106925.1	IMG-taxon 2684622843 annotated assembly	Thiocapsa_roseopersicina_DSM_217	Thiocapsa roseopersicina DSM 217	ftp://ftp.ncbi.nlm.nih.gov/genomes/all/GCF/900/106/925/GCF_900106925.1_IMG-taxon_2684622843_annotated_assembly	RefSeq	Proteobacteria	d__Bacteria;p__Proteobacteria;c__Gammaproteobacteria;o__Chromatiales;f__Chromatiaceae;g__Thiocapsa;s__Thiocapsa roseopersicina	d__Bacteria;p__Proteobacteria;c__Gammaproteobacteria;o__Chromatiales;f__Chromatiaceae;g__Thiocapsa;s__Thiocapsa roseopersicina	Thiocapsa roseopersicina (g-proteobacteria)	Thiocapsa roseopersicina	
GCF_000227725.1	ASM22772v1	Thiorhodospira_sibirica_ATCC_700588	Thiorhodospira sibirica ATCC 700588	ftp://ftp.ncbi.nlm.nih.gov/genomes/all/GCF/000/227/725/GCF_000227725.1_ASM22772v1	RefSeq	Proteobacteria	d__Bacteria;p__Proteobacteria;c__Gammaproteobacteria;o__Chromatiales;f__Ectothiorhodospiraceae;g__Thiorhodospira;s__Thiorhodospira sibirica	d__Bacteria;p__Proteobacteria;c__Gammaproteobacteria;o__Ectothiorhodospirales;f__Ectothiorhodospiraceae;g__Thiorhodospira;s__Thiorhodospira sibirica	Thiorhodospira sibirica ATCC 700588 (g-proteobacteria)	Thiorhodospira sibirica	
GCF_000420645.1	ASM42064v1	Nevskia_ramosa_DSM_11499	Nevskia ramosa DSM 11499	ftp://ftp.ncbi.nlm.nih.gov/genomes/all/GCF/000/420/645/GCF_000420645.1_ASM42064v1	RefSeq	Proteobacteria	d__Bacteria;p__Proteobacteria;c__Gammaproteobacteria;o__Nevskiales;f__Sinobacteraceae;g__Nevskia;s__Nevskia ramosa	d__Bacteria;p__Proteobacteria;c__Gammaproteobacteria;o__Nevskiales;f__Nevskiaceae;g__Nevskia;s__Nevskia ramosa	Nevskia ramosa DSM 11499 (g-proteobacteria)	Nevskia ramosa	
GCF_000015585.1	ASM1558v1	Halorhodospira_halophila_SL1	Halorhodospira halophila SL1	ftp://ftp.ncbi.nlm.nih.gov/genomes/all/GCF/000/015/585/GCF_000015585.1_ASM1558v1	RefSeq	Proteobacteria	d__Bacteria;p__Proteobacteria;c__Gammaproteobacteria;o__Chromatiales;f__Ectothiorhodospiraceae;g__Halorhodospira;s__Halorhodospira halophila	d__Bacteria;p__Proteobacteria;c__Gammaproteobacteria;o__Nitrococcales;f__Halorhodospiraceae;g__Halorhodospira;s__Halorhodospira halophila	Halorhodospira halophila SL1 (g-proteobacteria)	Halorhodospira halophila	
GCF_000153125.2	ASM15312v2	Congregibacter_litoralis_KT71	Congregibacter litoralis KT71	ftp://ftp.ncbi.nlm.nih.gov/genomes/all/GCF/000/153/125/GCF_000153125.2_ASM15312v2	RefSeq	Proteobacteria	d__Bacteria;p__Proteobacteria;c__Gammaproteobacteria;o__Cellvibrionales;f__Halieaceae;g__Congregibacter;s__Congregibacter litoralis	d__Bacteria;p__Proteobacteria;c__Gammaproteobacteria;o__Pseudomonadales;f__Halieaceae;g__Congregibacter;s__Congregibacter litoralis	Congregibacter litoralis KT71 (g-proteobacteria)	Congregibacter litoralis	
GCF_000764025.1	ASM76402v1	Pseudohaliea_rubra_DSM_19751	Pseudohaliea rubra DSM 19751	ftp://ftp.ncbi.nlm.nih.gov/genomes/all/GCF/000/764/025/GCF_000764025.1_ASM76402v1	RefSeq	Proteobacteria	d__Bacteria;p__Proteobacteria;c__Gammaproteobacteria;o__Cellvibrionales;f__Halieaceae;g__Pseudohaliea;s__Pseudohaliea rubra	d__Bacteria;p__Proteobacteria;c__Gammaproteobacteria;o__Pseudomonadales;f__Halieaceae;g__Pseudohaliea;s__Pseudohaliea rubra	Pseudohaliea rubra DSM 19751 (g-proteobacteria)	Pseudohaliea rubra	
											
											
											
assembly_accession	assembly_name	genome_name	plotting_name	ncbi_ftp_link	database	phylum	NCBI_taxonomy	GTDB_taxonomy_RS89	organism	species	isolate
GCA_002796835.1	ASM279683v1	Elainella_saxicola_E1	Elainella saxicola E1	ftp://ftp.ncbi.nlm.nih.gov/genomes/all/GCA/002/796/835/GCA_002796835.1_ASM279683v1	GenBank	Cyanobacteria	d__Bacteria; p__Cyanobacteria; c__; o__; f__; g__Elainella; s__Elainella saxicola	d__Bacteria; p__Cyanobacteria; c__Cyanobacteriia; o__Elainellales; f__Elainellaceae; g__Elainella; s__Elainella saxicola	Elainella saxicola E1 (cyanobacteria)	Elainella saxicola	E1
GCA_003136655.1	20110800_S3S	Ca_Eremiobacterota_bin_bog_1492	Ca. Eremiobacterota bin bog_1492	ftp://ftp.ncbi.nlm.nih.gov/genomes/all/GCA/003/136/655/GCA_003136655.1_20110800_S3S	GenBank	Ca. Eremiobacterota (WPS-2)	d__Bacteria; p__candidate division WPS-2; c__; o__; f__; g__; s_	d__Bacteria; p__Eremiobacterota; c__Eremiobacteria; o__UBP12; f__UBA5184; g__Bog-1492; s__Bog-1492 sp003136655	Candidatus Eremiobacteraeota bacterium (candidate division WPS-2 bacterium)	Candidatus Eremiobacteraeota bacterium	bog_1492
GCA_003134455.1	20111000_S1D	Ca_Eremiobacterota_bin_bog_1501	Ca. Eremiobacterota bin bog_1501	ftp://ftp.ncbi.nlm.nih.gov/genomes/all/GCA/003/134/455/GCA_003134455.1_20111000_S1D	GenBank	Ca. Eremiobacterota (WPS-2)	d__Bacteria; p__candidate division WPS-2; c__; o__; f__; g__; s_	d__Bacteria; p__Eremiobacterota; c__Eremiobacteria; o__UBP12; f__UBA5184; g__Bog-1527; s__Bog-1527 sp003155175	Candidatus Eremiobacteraeota bacterium (candidate division WPS-2 bacterium)	Candidatus Eremiobacteraeota bacterium	bog_1501
GCA_003156455.1	20120600_S1S	Ca_Eremiobacterota_bin_bog_1518	Ca. Eremiobacterota bin bog_1518	ftp://ftp.ncbi.nlm.nih.gov/genomes/all/GCA/003/156/455/GCA_003156455.1_20120600_S1S	GenBank	Ca. Eremiobacterota (WPS-2)	d__Bacteria; p__candidate division WPS-2; c__; o__; f__; g__; s_	d__Bacteria; p__Eremiobacterota; c__Eremiobacteria; o__UBP12; f__UBA5184; g__Bog-1527; s__Bog-1527 sp003155175	Candidatus Eremiobacteraeota bacterium (candidate division WPS-2 bacterium)	Candidatus Eremiobacteraeota bacterium	bog_1518
GCA_003156035.1	20120600_S2M	Ca_Eremiobacterota_bin_bog_1519	Ca. Eremiobacterota bin bog_1519	ftp://ftp.ncbi.nlm.nih.gov/genomes/all/GCA/003/156/035/GCA_003156035.1_20120600_S2M	GenBank	Ca. Eremiobacterota (WPS-2)	d__Bacteria; p__candidate division WPS-2; c__; o__; f__; g__; s_	d__Bacteria; p__Eremiobacterota; c__Eremiobacteria; o__UBP12; f__UBA5184; g__Bog-1527; s__Bog-1527 sp003155175	Candidatus Eremiobacteraeota bacterium (candidate division WPS-2 bacterium)	Candidatus Eremiobacteraeota bacterium	bog_1519
GCA_003155175.1	20120600_S2S	Ca_Eremiobacterota_bin_bog_1520	Ca. Eremiobacterota bin bog_1520	ftp://ftp.ncbi.nlm.nih.gov/genomes/all/GCA/003/155/175/GCA_003155175.1_20120600_S2S	GenBank	Ca. Eremiobacterota (WPS-2)	d__Bacteria; p__candidate division WPS-2; c__; o__; f__; g__; s_	d__Bacteria; p__Eremiobacterota; c__Eremiobacteria; o__UBP12; f__UBA5184; g__Bog-1527; s__Bog-1527 sp003155175	Candidatus Eremiobacteraeota bacterium (candidate division WPS-2 bacterium)	Candidatus Eremiobacteraeota bacterium	bog_1520
GCA_003164995.1	20120700_S1D	Ca_Eremiobacterota_bin_bog_1525	Ca. Eremiobacterota bin bog_1525	ftp://ftp.ncbi.nlm.nih.gov/genomes/all/GCA/003/164/995/GCA_003164995.1_20120700_S1D	GenBank	Ca. Eremiobacterota (WPS-2)	d__Bacteria; p__candidate division WPS-2; c__; o__; f__; g__; s_	d__Bacteria; p__Eremiobacterota; c__Eremiobacteria; o__UBP12; f__UBA5184; g__Bog-1527; s__Bog-1527 sp003155175	Candidatus Eremiobacteraeota bacterium (candidate division WPS-2 bacterium)	Candidatus Eremiobacteraeota bacterium	bog_1525
GCA_003163955.1	20120700_S1M	Ca_Eremiobacterota_bin_bog_1527	Ca. Eremiobacterota bin bog_1527	ftp://ftp.ncbi.nlm.nih.gov/genomes/all/GCA/003/163/955/GCA_003163955.1_20120700_S1M	GenBank	Ca. Eremiobacterota (WPS-2)	d__Bacteria; p__candidate division WPS-2; c__; o__; f__; g__; s_	d__Bacteria; p__Eremiobacterota; c__Eremiobacteria; o__UBP12; f__UBA5184; g__Bog-1527; s__Bog-1527 sp003155175	Candidatus Eremiobacteraeota bacterium (candidate division WPS-2 bacterium)	Candidatus Eremiobacteraeota bacterium	bog_1527
